name,position,mlb_team,league_id,fantasy_team_id,status_mlb,status_milb,status_40_man,status_il,il_length,il_date,il_return,option_years_used,dfa_only,rule_5_eligibility_year,has_been_on_40_man,fa_status,contract_2026,contract_2027,contract_2028,contract_2029,contract_2030,contract_2031,contract_2032,contract_2033,contract_2034,contract_2035,contract_2036,contract_2037,contract_2038,contract_2039
Harry Ford,C,SEA,MLB,CHW,X,,X,,,,,,0,,1,rostered,760000,TC,TC,ARB 1,ARB 2,ARB 3,UFA,,,,,,,
Juan Yepez,1B,WSH,MLB,CHW,X,,X,,,,,,0,,1,rostered,760000,ARB 1,ARB 2,ARB 3,UFA,,,,,,,,,
Christian Moore,2B,LAA,MLB,CHW,X,,X,,,,,,0,,1,rostered,760000,TC,ARB 1,ARB 2,ARB 3,UFA,,,,,,,,
Darell Hernaiz,SS,BAL,MLB,CHW,,X,X,,,,,,0,,1,rostered,760000,ARB 1,ARB 2,ARB 3,UFA,,,,,,,,,
Austin Martin,SS,MIN,MLB,CHW,,X,X,,,,,,0,,1,rostered,760000,ARB 1,ARB 2,ARB 3,UFA,,,,,,,,,
Jacob Wilson,SS,ATH,MLB,CHW,X,,X,,,,,,0,,1,rostered,760000,TC,ARB 1,ARB 2,ARB 3,UFA,,,,,,,,
Austin Riley,3B,ATL,MLB,CHW,X,,X,,,,,,1,,1,rostered,22000000,22000000,22000000,22000000,22000000,22000000,22000000,20000000,UFA,,,,,
Noelvi Marte,3B,SEA,MLB,CHW,X,,X,,,,,,0,,1,rostered,760000,TC,ARB 1,ARB 2,ARB 3,UFA,,,,,,,,
Will Benson,OF,CIN,MLB,CHW,,X,X,,,,,,0,,1,rostered,ARB 1,ARB 2,ARB 3,UFA,,,,,,,,,,
Roberto Campos,OF,DET,MLB,CHW,,X,X,,,,,,0,,1,rostered,760000,TC,ARB 1,ARB 2,ARB 3,UFA,,,,,,,,
Jesus Sanchez,OF,MIA,MLB,CHW,X,,X,,,,,,0,,1,rostered,ARB 3,ARB 4,UFA,,,,,,,,,,,
Jordan Beck,OF,COL,MLB,CHW,X,,X,,,,,,0,,1,rostered,760000,TC,ARB 1,ARB 2,ARB 3,UFA,,,,,,,,
Sterlin Thompson,OF,COL,MLB,CHW,,X,X,,,,,,0,,1,rostered,760000,TC,ARB 1,ARB 2,ARB 3,UFA,,,,,,,,
C.J. Kayfus,OF,CLE,MLB,CHW,X,,X,,,,,,0,,1,rostered,760000,TC,TC,ARB 1,ARB 2,ARB 3,UFA,,,,,,,
Chase DeLauter,OF,CLE,MLB,CHW,,X,X,,,,,,0,,1,rostered,760000,TC,TC,ARB 1,ARB 2,ARB 3,UFA,,,,,,,
Benny Montgomery,OF,COL,MLB,CHW,,X,X,,,,,,0,,1,rostered,760000,TC,TC,ARB 1,ARB 2,ARB 3,UFA,,,,,,,
Tony Gonsolin,SP,LAD,MLB,CHW,X,,X,,,,,,0,,1,rostered,ARB 4,UFA,,,,,,,,,,,,
Chris Flexen,SP,SEA,MLB,CHW,X,,X,,,,,,0,,1,rostered,ARB 3,UFA,,,,,,,,,,,,
Johan Oviedo,SP,PIT,MLB,CHW,X,,X,,,,,,1,,1,rostered,5000000,UFA,,,,,,,,,,,,
Ky Bush,SP,LAA,MLB,CHW,,X,X,,,,,,0,,1,rostered,760000,TC,ARB 1,ARB 2,ARB 3,UFA,,,,,,,,
Adam Mazur,SP,SD,MLB,CHW,,X,X,,,,,,0,,1,rostered,760000,TC,ARB 1,ARB 2,ARB 3,UFA,,,,,,,,
Anthony Solometo,SP,PIT,MLB,CHW,,X,X,,,,,,0,,1,rostered,760000,TC,TC,ARB 1,ARB 2,ARB 3,UFA,,,,,,,
Carlos Vargas,RP,CLE,MLB,CHW,X,,X,,,,,,0,,1,rostered,760000,ARB 1,ARB 2,ARB 3,UFA,,,,,,,,,
Braxton Ashcraft,RP,PIT,MLB,CHW,X,,X,,,,,,0,,1,rostered,760000,TC,ARB 1,ARB 2,ARB 3,UFA,,,,,,,,
Ben Joyce,RP,LAA',MLB,CHW,X,,X,,,,,,0,,1,rostered,760000,ARB 1,ARB 2,ARB 3,UFA,,,,,,,,,
Tristan Beck,RP,SF,MLB,CHW,X,,X,,,,,,0,,1,rostered,ARB 1,ARB 2,ARB 3,UFA,,,,,,,,,,
Ben Casparius,RP,LAD,MLB,CHW,X,,X,,,,,,0,,1,rostered,760000,TC,ARB 1,ARB 2,ARB 3,UFA,,,,,,,,
Bryan Lavastida,C,CLE,MLB,CHW,,X,,,,,,,0,,0,rostered,,,,,,,,,,,,,,
Antonio Cabello,C,TEX,MLB,CHW,,X,,,,,,,0,,0,rostered,,,,,,,,,,,,,,
Robert Lopez,C,CLE,MLB,CHW,,X,,,,,,,0,,0,rostered,,,,,,,,,,,,,,
Brainerh Palacios,C,TB,MLB,CHW,,X,,,,,,,0,,0,rostered,,,,,,,,,,,,,,
Boston Smith,C,WSH,MLB,CHW,,X,,,,,,,0,,0,rostered,,,,,,,,,,,,,,
Hiverson Lopez,C,CLE,MLB,CHW,,X,,,,,,,0,,0,rostered,,,,,,,,,,,,,,
Tucker Mitchell,C,TEX,MLB,CHW,,X,,,,,,,0,,0,rostered,,,,,,,,,,,,,,
Darrien Miller,C,MIL,MLB,CHW,,X,,,,,,,0,,0,rostered,,,,,,,,,,,,,,
J.J. D’Orazio,C,ARZ,MLB,CHW,,X,,,,,,,0,,0,rostered,,,,,,,,,,,,,,
Caleb Roberts,C/OF,ARZ,MLB,CHW,,X,,,,,,,0,,0,rostered,,,,,,,,,,,,,,
William Bergolla,2B,PHI,MLB,CHW,,X,,,,,,,0,,0,rostered,,,,,,,,,,,,,,
Emilien Pitre,2B,TB,MLB,CHW,,X,,,,,,,0,,0,rostered,,,,,,,,,,,,,,
Angel Tejada,2B,BAL,MLB,CHW,,X,,,,,,,0,,0,rostered,,,,,,,,,,,,,,
Christian Knapczyk,SS,CLE,MLB,CHW,,X,,,,,,,0,,0,rostered,,,,,,,,,,,,,,
Yahil Melendez,SS,CHC,MLB,CHW,,X,,,,,,,0,,0,rostered,,,,,,,,,,,,,,
Yordys Valdes,SS,CLE,MLB,CHW,,X,,,,,,,0,,0,rostered,,,,,,,,,,,,,,
Ed Howard,SS,CHC,MLB,CHW,,X,,,,,,,0,,0,rostered,,,,,,,,,,,,,,
Milan Tolentino,SS,CLE,MLB,CHW,,X,,,,,,,0,,0,rostered,,,,,,,,,,,,,,
Abel Bastidas,SS,DET,MLB,CHW,,X,,,,,,,0,,0,rostered,,,,,,,,,,,,,,
Elijah Tatis,SS,CHW,MLB,CHW,,X,,,,,,,0,,0,rostered,,,,,,,,,,,,,,
Fran Alduey,SS,CLE,MLB,CHW,,X,,,,,,,0,,0,rostered,,,,,,,,,,,,,,
Junior Sanchez,SS,MIA,MLB,CHW,,X,,,,,,,0,,0,rostered,,,,,,,,,,,,,,
Armando Cruz,SS,WSH,MLB,CHW,,X,,,,,,,0,,0,rostered,,,,,,,,,,,,,,
Junior Sanquintin,SS,CLE,MLB,CHW,,X,,,,,,,0,,0,rostered,,,,,,,,,,,,,,
Raymer Medina,SS,TB,MLB,CHW,,X,,,,,,,0,,0,rostered,,,,,,,,,,,,,,
Heins Brito,SS,CLE,MLB,CHW,,X,,,,,,,0,,0,rostered,,,,,,,,,,,,,,
Emmanuel Cedeno,SS,TB,MLB,CHW,,X,,,,,,,0,,0,rostered,,,,,,,,,,,,,,
Kendry Martinez,SS,SEA,MLB,CHW,,X,,,,,,,0,,0,rostered,,,,,,,,,,,,,,
Yaikel Mijares,SS,CLE,MLB,CHW,,X,,,,,,,0,,0,rostered,,,,,,,,,,,,,,
Jonathan Martinez,SS,CLE,MLB,CHW,,X,,,,,,,0,,0,rostered,,,,,,,,,,,,,,
Alfredo Alcantara,SS,CIN,MLB,CHW,,X,,,,,,,0,,0,rostered,,,,,,,,,,,,,,
Jose Mejia,SS,BAL,MLB,CHW,,X,,,,,,,0,,0,rostered,,,,,,,,,,,,,,
Gabriel Terrero,SS,NYY,MLB,CHW,,X,,,,,,,0,,0,rostered,,,,,,,,,,,,,,
Yiddi Cappe,SS,MIA,MLB,CHW,,X,,,,,,,0,,0,rostered,,,,,,,,,,,,,,
Maikol Escotto,SS,PIT,MLB,CHW,,X,,,,,,,0,,0,rostered,,,,,,,,,,,,,,
Anderdson Rojas,SS,ARZ,MLB,CHW,,X,,,,,,,0,,0,rostered,,,,,,,,,,,,,,
Riquelmin Cabral,3B,ARZ,MLB,CHW,,X,,,,,,,0,,0,rostered,,,,,,,,,,,,,,
Yeniel Laboy,3B,ATH,MLB,CHW,,X,,,,,,,0,,0,rostered,,,,,,,,,,,,,,
DJ Gladney,3B,CHW,MLB,CHW,,X,,,,,,,0,,0,rostered,,,,,,,,,,,,,,
Luis Merejo,3B,CLE,MLB,CHW,,X,,,,,,,0,,0,rostered,,,,,,,,,,,,,,
Gavin Conticello,3B,ARZ,MLB,CHW,,X,,,,,,,0,,0,rostered,,,,,,,,,,,,,,
Nick McLain,OF,CHW,MLB,CHW,,X,,,,,,,0,,0,rostered,,,,,,,,,,,,,,
Luis Cova,OF,MIA,MLB,CHW,,X,,,,,,,0,,0,rostered,,,,,,,,,,,,,,
Robert Arias,OF,CLE,MLB,CHW,,X,,,,,,,0,,0,rostered,,,,,,,,,,,,,,
Carson Roccaforte,OF,KC,MLB,CHW,,X,,,,,,,0,,0,rostered,,,,,,,,,,,,,,
Carlos Rodriguez,OF,MIL,MLB,CHW,,X,,,,,,,0,,0,rostered,,,,,,,,,,,,,,
Caeden Trenkle,OF,ATH,MLB,CHW,,X,,,,,,,0,,0,rostered,,,,,,,,,,,,,,
Elian de la Cruz,OF,ARZ,MLB,CHW,,X,,,,,,,0,,0,rostered,,,,,,,,,,,,,,
Élio Prado,OF,BAL,MLB,CHW,,X,,,,,,,0,,0,rostered,,,,,,,,,,,,,,
Stiven Acevedo,OF,BAL,MLB,CHW,,X,,,,,,,0,,0,rostered,,,,,,,,,,,,,,
Yoelkis Cespedes,OF,CHW,MLB,CHW,,X,,,,,,,0,,0,rostered,,,,,,,,,,,,,,
Lexer Saduy,OF,CLE,MLB,CHW,,X,,,,,,,0,,0,rostered,,,,,,,,,,,,,,
Hudson Head,OF,PIT,MLB,CHW,,X,,,,,,,0,,0,rostered,,,,,,,,,,,,,,
Rafael Alvarez,OF,CHW,MLB,CHW,,X,,,,,,,0,,0,rostered,,,,,,,,,,,,,,
Juan Frances,OF,CLE,MLB,CHW,,X,,,,,,,0,,0,rostered,,,,,,,,,,,,,,
Justin Crawford,OF,PHI,MLB,CHW,,X,,,,,,,0,,0,rostered,,,,,,,,,,,,,,
Heribert Silva,OF,CLE,MLB,CHW,,X,,,,,,,0,,0,rostered,,,,,,,,,,,,,,
Robert Calaz,OF,COL,MLB,CHW,,X,,,,,,,0,,0,rostered,,,,,,,,,,,,,,
Jose Pirela,OF,CLE,MLB,CHW,,X,,,,,,,0,,0,rostered,,,,,,,,,,,,,,
Yeiker Reyes,OF,COL,MLB,CHW,,X,,,,,,,0,,0,rostered,,,,,,,,,,,,,,
Nolan Sailors,OF,KC,MLB,CHW,,X,,,,,,,0,,0,rostered,,,,,,,,,,,,,,
Lazaro Armenteros,OF,ATH,MLB,CHW,,X,,,,,,,0,,0,rostered,,,,,,,,,,,,,,
Wilderd Patino,OF,ARZ,MLB,CHW,,X,,,,,,,0,,0,rostered,,,,,,,,,,,,,,
Jhonny Piron,OF,TB,MLB,CHW,,X,,,,,,,0,,0,rostered,,,,,,,,,,,,,,
Erick Pena,OF,KC,MLB,CHW,,X,,,,,,,0,,0,rostered,,,,,,,,,,,,,,
Alexfri Planez,OF,CLE,MLB,CHW,,X,,,,,,,0,,0,rostered,,,,,,,,,,,,,,
Luis Rodriguez,OF,LAD,MLB,CHW,,X,,,,,,,0,,0,rostered,,,,,,,,,,,,,,
Henry Bolte,OF,ATH,MLB,CHW,,X,,,,,,,0,,0,rostered,,,,,,,,,,,,,,
John Holobetz,P,BOS,MLB,CHW,,X,,,,,,,0,,0,rostered,,,,,,,,,,,,,,
Herick Hernandez,P,ATL,MLB,CHW,,X,,,,,,,0,,0,rostered,,,,,,,,,,,,,,
Cole Miller,P,ATH,MLB,CHW,,X,,,,,,,0,,0,rostered,,,,,,,,,,,,,,
Julian Tonghini,P,WSH,MLB,CHW,,X,,,,,,,0,,0,rostered,,,,,,,,,,,,,,
Austin Gordon,P,LAA,MLB,CHW,,X,,,,,,,0,,0,rostered,,,,,,,,,,,,,,
Chase Allsup,P,BAL,MLB,CHW,,X,,,,,,,0,,0,rostered,,,,,,,,,,,,,,
Branneli Franco,P,STL,MLB,CHW,,X,,,,,,,0,,0,rostered,,,,,,,,,,,,,,
Tyler Bremner,P,LAA,MLB,CHW,,X,,,,,,,0,,0,rostered,,,,,,,,,,,,,,
Joseph Dzierwa,P,BAL,MLB,CHW,,X,,,,,,,0,,0,rostered,,,,,,,,,,,,,,
Brian Curley,P,ARZ,MLB,CHW,,X,,,,,,,0,,0,rostered,,,,,,,,,,,,,,
Jason Woodward,P,MIL,MLB,CHW,,X,,,,,,,0,,0,rostered,,,,,,,,,,,,,,
Gerald Ogando,P,ARZ,MLB,CHW,,X,,,,,,,0,,0,rostered,,,,,,,,,,,,,,
Bryce Cunningham,P,NYY,MLB,CHW,,X,,,,,,,0,,0,rostered,,,,,,,,,,,,,,
Yaqui Rivera,P,BAL,MLB,CHW,,X,,,,,,,0,,0,rostered,,,,,,,,,,,,,,
Deivy Cruz,P,BAL,MLB,CHW,,X,,,,,,,0,,0,rostered,,,,,,,,,,,,,,
Cesar Alvarez,P,BAL,MLB,CHW,,X,,,,,,,0,,0,rostered,,,,,,,,,,,,,,
Noah Schultz,P,CHW,MLB,CHW,,X,,,,,,,0,,0,rostered,,,,,,,,,,,,,,
Hugo Villalobos,P,CLE,MLB,CHW,,X,,,,,,,0,,0,rostered,,,,,,,,,,,,,,
Samuel Valerio,P,KC,MLB,CHW,,X,,,,,,,0,,0,rostered,,,,,,,,,,,,,,
Kai Wynyard,P,TEX,MLB,CHW,,X,,,,,,,0,,0,rostered,,,,,,,,,,,,,,
Yohanse Morel,P,TEX,MLB,CHW,,X,,,,,,,0,,0,rostered,,,,,,,,,,,,,,
Franklin Marquez,P,WSH,MLB,CHW,,X,,,,,,,0,,0,rostered,,,,,,,,,,,,,,
Starlyn Pichardo,P,CHC,MLB,CHW,,X,,,,,,,0,,0,rostered,,,,,,,,,,,,,,
Julio Robaina,P,HOU,MLB,CHW,,X,,,,,,,0,,0,rostered,,,,,,,,,,,,,,
Angel Macuare,P,HOU,MLB,CHW,,X,,,,,,,0,,0,rostered,,,,,,,,,,,,,,
Tyler Thornton,P,CLE,MLB,CHW,,X,,,,,,,0,,0,rostered,,,,,,,,,,,,,,
Samuel Acuna,P,TOR,MLB,CHW,,X,,,,,,,0,,0,rostered,,,,,,,,,,,,,,
Chris McMahon,P,COL,MLB,CHW,,X,,,,,,,0,,0,rostered,,,,,,,,,,,,,,
Nick Bitsko,P,TB,MLB,CHW,,X,,,,,,,0,,0,rostered,,,,,,,,,,,,,,
Liam Norris,P,ARZ,MLB,CHW,,X,,,,,,,0,,0,rostered,,,,,,,,,,,,,,
Josh Wolf,P,CLE,MLB,CHW,,X,,,,,,,0,,0,rostered,,,,,,,,,,,,,,
Aaron Haase,P,DET,MLB,CHW,,X,,,,,,,0,,0,rostered,,,,,,,,,,,,,,
Ethan Hankins,P,CLE,MLB,CHW,,X,,,,,,,0,,0,rostered,,,,,,,,,,,,,,
Aaron Davenport,P,CLE,MLB,CHW,,X,,,,,,,0,,0,rostered,,,,,,,,,,,,,,
Reese McGuire,C,BOS,MLB,CHW,,,,,,,,,0,,0,rostered,1365000,,,,,,,,,,,,,
PJ Higgins,C,CHC,MLB,CHW,,,,,,,,,0,,0,rostered,660000,,,,,,,,,,,,,
