C h i c a g o   C u b s,,,,,,,,,,,,,,,,,,,,,,,,,,,,,,,,,,,
,,,,,,,,,,,,,,,,,,,,,,,,,,,,,,,,,,,
,,,,Owner,,,Mike,,,,MLB,,,32,,Tax Bill Paid,,No,,League Year,,2026,2027,2028,2029,2030,2031,2032,2033,2034,2035,2036,2037,2038,2039
,,,,Joined,,,2025,,,,40 Man,,,40,,Years Paid,,,,Payroll,,"196,157,500","199,937,500","108,187,500","63,187,500","31,500,000","31,500,000","31,500,000",0,0,0,0,0,0,0
,,,,Franchise Record,,,166-320,,,,Minors,,,110,,Status,,,,Dead Money,,"8,805,000",0,0,0,0,0,0,0,0,0,0,0,0,0
,,,,Playoff Appearances,,,0,,,,Rotation,,,6,,Future Status,,,,Total Payroll,,"204,962,500","199,937,500","108,187,500","63,187,500","31,500,000","31,500,000","31,500,000",0,0,0,0,0,0,0
,,,,NL Central Titles,,,0,,,,Injured List,,,0,,Extensions,,1,,Luxury Tax Space,,"32,037,500","41,062,500","135,812,500","180,812,500","212,500,000","212,500,000","212,500,000","244,000,000","244,000,000","244,000,000","244,000,000","244,000,000","244,000,000","244,000,000"
,,,,NL Pennants,,,0,,,,60 Day IL,,,0,,Restructure,,1,,Payroll % Active,,95.70%,100.00%,100.00%,100.00%,100.00%,100.00%,100.00%,,,,,,,
,,,,World Series Championships,,,0,,,,,,,,,Lottery Picks,,"2025, 2026",,Payroll % Inactive,,4.30%,0.00%,0.00%,0.00%,0.00%,0.00%,0.00%,,,,,,,
MLB,MiLB,40,IL,IL Length,IL Date,IL Return,Option Years Used,,,,Options Used,,,,,How Acquired,Optioned/DFA Date,Recall Eligible Date,POS,Name,Team,2026,2027,2028,2029,2030,2031,2032,2033,2034,2035,2036,2037,2038,2039
P O S I T I O N   P L A Y E R S,,,,,,,,,,,,,,,,,,,,,,,,,,,,,,,,,,,
,,,,,,,,,,,,,,,,,,,,,,,,,,,,,,,,,,,
X,,X,,,,0,,,,,,,,,,Inaugural Draft,,,C,Miguel Amaya,CHC,"760,000",TC,ARB 1,ARB 2,ARB 3,UFA,,,,,,,,
,X,X,,,,0,,,,,,,,,,Waive-BAL (26),,,C,Drew Romo,COL,"760,000",TC ,ARB 1,ARB 2,ARB 3,UFA,,,,,,,,
,,,,,,,,,,,,,,,,,,,,,,,,,,,,,,,,,,,
X,,X,,,,0,D,F,A,,-,O,N,L,Y,Trade-SEA (25),,,1B,Willson Contreras,STL,"18,500,000","27,750,000",UFA,,,,,,,,,,,
,X,,,,,0,,,,,,,,,,Rule V-LAD (25),,,1B,Wes Clarke,MIL,"760,000",TC,ARB 1,ARB 2,ARB 3,UFA,,,,,,,,
X,,X,,,,0,,,,,,,,,,Trade-PHI (25),,,1B,Warming Bernabel,COL,"760,000",TC,ARB 1,ARB 2,ARB 3,UFA,,,,,,,,
,,,,,,,,,,,,,,,,,,,,,,,,,,,,,,,,,,,
,X,,,,,,,,,,,,,,,Trade-NYM (25),,,2B,Demetrio Nadal,MIL,"760,000",TC,TC,ARB 1,ARB 2,ARB 3,UFA,,,,,,,
X,,X,,,,0,D,F,A,,-,O,N,L,Y,Trade-TOR (25),,,2B,Adam Frazier,BAL,"6,500,000",UFA,,,,,,,,,,,,
X,,X,,,,0,D,F,A,,-,O,N,L,Y,Trade-SEA  (25),,,2B,Marcus Semien,TEX,"26,000,000","26,000,000","20,000,000",UFA,,,,,,,,,,
X,,X,,,,0,24,,,,,,,,,Trade-KC (25),,,2B,Casey Schmitt,SF,"760,000",ARB 1,ARB 2,ARB 3,UFA,,,,,,,,,
,X,X,,,,,,,,,,,,,,Rule V - BOS (26),,,2B,Cooper Kinney,TB,"760,000",TC,TC,ARB 1,ARB 2,ARB 3,UFA,,,,,,,
X,,X,,,,0,,,,,,,,,,FYPD (22) Rd 2,,,2B,Cole Young,SEA,"760,000",TC,ARB 1,ARB 2,ARB 3,UFA,,,,,,,,
,,,,,,,,,,,,,,,,,,,,,,,,,,,,,,,,,,,
X,,X,,,,0,D,F,A,,-,O,N,L,Y,Trade-SF 25,,,SS,Corey Seager,TEX,"31,500,000","31,500,000","31,500,000","31,500,000","31,500,000","31,500,000","31,500,000",UFA,,,,,,
X,,X,,,,,,,,,,,,,,Inaugural Draft,,,SS,Denzer Guzman ,LAA,"760,000",TC,TC,ARB 1,ARB 2,ARB 3,UFA,,,,,,,
,X,,,,,0,,,,,,,,,,Rule V-CLE (25),,,SS,Eddys Leonard,DET,"760,000",TC,ARB 1,ARB 2,ARB 3,UFA,,,,,,,,
,,,,,,,,,,,,,,,,,,,,,,,,,,,,,,,,,,,
X,,X,,,,0,,,,,,,,,,Trade-PHI (25),,,3B,Ronny Mauricio,NYM,"760,000",ARB 1,ARB 2,ARB 3,UFA,,,,,,,,,
X,,X,,,,0,23,,,,,,,,,Trade-PHI (25),,,3B,Oswaldo Cabrera,NYY,"1,200,000",ARB 2,ARB 3,UFA,,,,,,,,,,
,X,,,,,0,,,,,,,,,,Trade-TOR (25),,,3B,Wilfred Veras,CHW,"760,000",TC,ARB 1,ARB 2,ARB 3,UFA,,,,,,,,
X,,X,,,,0,,,,,,,,,,Trade-LAA (26),,,3B,Alec Bohm,PHI,ARB 3,UFA,,,,,,,,,,,,
X,,X,,,,0,,,,,,,,,,Rule V-MIL (25),,,3B,A.J. Vukovich ,ARZ,"760,000",TC,ARB 1,ARB 2,ARB 3,UFA,,,,,,,,
,X,,,,,0,,,,,,,,,,Trade-DET (25),,,3B,Gage Workman,DET,"760,000",TC ,ARB 1,ARB 2,ARB 3,UFA,,,,,,,,
,,,,,,,,,,,,,,,,,,,,,,,,,,,,,,,,,,,
X,,X,,,,,,,,,,,,,,Trade-LAD (25),,,OF,Hector Rodriguez,CIN,"760,000",TC,TC,ARB 1,ARB 2,ARB 3,UFA,,,,,,,
X,,X,,,,0,D,F,A,,-,O,N,L,Y,Trade-PHI  (25),,,OF,Giancarlo Stanton,NYY,"14,500,000","41,000,000","25,000,000",UFA,,,,,,,,,,
X,,X,,,,0,D,F,A,,-,O,N,L,Y,UFA (25),,,OF,Daulton Varsho,TOR,"20,000,000","20,000,000",UFA,,,,,,,,,,,
X,,X,,,,0,,,,,,,,,,Trade-LAD (25),,,OF,Jakob Marsee,MIA,"760,000",TC,ARB 1,ARB 2,ARB 3,UFA,,,,,,,,
X,,X,,,,0,24,,,,,,,,,Trade-SEA (25),,,OF,Dane Myers,MIA,"760,000",ARB 1,ARB 2,ARB 3,UFA,,,,,,,,,
X,,X,,,,0,,,,,,,,,,Waive-BAL (26),,,OF,Jacob Young,WSH,"760,000",ARB 1,ARB 2,ARB 3,UFA,,,,,,,,,
X,,X,,,,0,,,,,,,,,,FYPD (24) Rd 1,,,OF,Cam Smith,HOU,"760,000",TC,ARB 1,ARB 2,ARB 3,UFA,,,,,,,,
,X,,,,,0,D,F,A,,-,O,N,L,Y,UFA (25),,,OF,Mark Canha,KC,"5,000,000",UFA,,,,,,,,,,,,
,,,,,,,,,,,,,,,,,,,,,,,,,,,,,,,,,,,
X,,X,,,,0,,,,,,,,,,Trade-MIA (25),,,UT,Moises Ballesteros,CHC,"760,000",TC,ARB 1,ARB 2,ARB 3,UFA,,,,,,,,
,,,,,,,,,,,,,,,,,,,,,,,,,,,,,,,,,,,
P I T C H E R S,,,,,,,,,,,,,,,,,,,,,,,,,,,,,,,,,,,
MLB,MiLB,40,IL,IL Length,IL Date,IL Return,Option Years Used,,,,Options Used,,,,,How Acquired,Optioned/DFA Date,Recall Eligible Date,POS,Name,Team,2026,2027,2028,2029,2030,2031,2032,2033,2034,2035,2036,2037,2038,2039
,,,,,,,,,,,,,,,,,,,,,,,,,,,,,,,,,,,
X,,X,,,,0,,,,,,,,,,Trade-TOR (26),,,SP,Shane Bieber,CLE,"19,687,500","19,687,500","19,687,500","19,687,500",UFA,,,,,,,,,
,X,,,,,0,24,,,,,,,,,Trade-TB (25),,,SP,Nick Nastrini,CHW,"760,000",ARB 1,ARB 2,ARB 3,UFA,,,,,,,,,
X,,X,,,,0,D,F,A,,-,O,N,L,Y,Trade- PHI (25),,,SP,Sandy Alcantara,MIA,"8,650,000","21,000,000",UFA,,,,,,,,,,,
,X,,,,,0,D,F,A,,-,O,N,L,Y,Waive-LAA (25),,,SP,Taijuan Walker,PHI,"1,000,000","1,000,000",UFA,,,,,,,,,,,
X,,X,,,,0,,,,,,,,,,Trade-LAD (25),,,SP,Didier Fuentes,ATL,"760,000",TC,ARB 1,ARB 2,ARB 3,UFA,,,,,,,,
X,,X,,,,0,,,,,,,,,,IFA (25),,,SP,Roki Sasaki,LAD,"760,000",TC,ARB 1,ARB 2,ARB 3,UFA,,,,,,,,
X,,X,,,,0,25,,,,,,,,,MiLB FA (22),,,SP,Cristian Mena,CHW,"760,000",TC,ARB 1,ARB 2,ARB 3,UFA,,,,,,,,
,X,X,,,,0,,,,,,,,,,Trade-SF (25),,,SP,Hurston Waldrep,ATL,"760,000",TC,ARB 1,ARB 2,ARB 3,UFA,,,,,,,,
X,,X,,,,0,23,25,,,,,,,,Trade-LAD (25),,,SP,Logan Allen,CLE,"760,000",ARB 1,ARB 2,ARB 3,UFA,,,,,,,,,
X,,X,,,,,,,,,,,,,,Trade-TOR (25),,,P,Pete Hansen,STL,"760,000",TC,TC,ARB 1,ARB 2,ARB 3,UFA,,,,,,,
,,,,,,,,,,,,,,,,,,,,,,,,,,,,,,,,,,,
X,,X,,,,0,,,,,,,,,,Trade-DET (25),,,RP,Joe Boyle,TB,"760,000",TC,ARB 1,ARB 2,ARB 3,UFA,,,,,,,,
X,,X,,,,0,,,,,,,,,,Trade-SF (25),,,RP,Porter Hodge,CHC,"760,000",ARB 1,ARB 2,ARB 3,UFA,,,,,,,,,
,X,,,,,0,D,F,A,,-,O,N,L,Y,MiLB FA (23),,,RP,Bailey Horn ,CHC,"760,000",TC,ARB 1,ARB 2,ARB 3,UFA,,,,,,,,
,X,X,,,,0,23,24,25,,,,,,,MiLB FA (23),,,RP,Grant Anderson,MIL,"760,000",ARB 1,ARB 2,ARB 3,UFA,,,,,,,,,
X,,X,,,,0,D,F,A,,-,O,N,L,Y,Trade-SEA (25),,,RP,Tanner Scott,LAD,"12,000,000","12,000,000","12,000,000","12,000,000",UFA,,,,,,,,,
,X,X,,,,,,,,,,,,,,Rule V-CLE (26),,,RP,Zach McCambley,MIA,"760,000",TC,TC,ARB 1,ARB 2,ARB 3,UFA,,,,,,,
,X,X,,,,,,,,,,,,,,Rule V-MIA (26),,,RP,Juan Mejia,COL,"760,000",TC,TC,ARB 1,ARB 2,ARB 3,UFA,,,,,,,
,X,X,,,,0,25,,,,,,,,,Trade-MIA (25),,,RP,Ty Madden,DET,"760,000",TC,ARB 1,ARB 2,ARB 3,UFA,,,,,,,,
,X,X,,,,0,,,,,,,,,,Trade-ATH (25),,,RP,Joseph Montalvo,DET,"760,000",TC,ARB 1,ARB 2,ARB 3,UFA,,,,,,,,
X,,X,,,,0,D,F,A,,-,O,N,L,Y,Trade-SEA (25),,,RP,Jalen Beeks,TB,"3,500,000",UFA,,,,,,,,,,,,
,X,,,,,0,,,,,,,,,,Trade-MIA (25),,,RP,Michael Arias,CHC,"760,000",TC,ARB 1,ARB 2,ARB 3,UFA,,,,,,,,
,X,,,,,0,,,,,,,,,,Inaugural Draft,,,RP,Justin Lange,NYY,"760,000",TC,ARB 1,ARB 2,ARB 3,UFA,,,,,,,,
,,,,,,,,,,,,,,,,,,,,,,,,,,,,,,,,,,,
M I N O R S,,,,,,,,,,,,,,,,,,,,,,,,,,,,,,,,,,,
MLB,MiLB,40,IL,IL Length,IL Date,IL Return,Option Years Used,,,,Options Used,,,,,How Acquired,Rule 5 Eligibility,,POS,Name,Team,2026,2027,2028,2029,2030,2031,2032,2033,2034,2035,2036,2037,2038,2039
,,,,,,,,,,,,,,,,,,,,,,,,,,,,,,,,,,,
,X,,,,,,,,,,,,,,,Trade-SD (25),Eligible,,C,Christian Cerda,ARZ,,,,,,,,,,,,,,
,X,,,,,0,,,,,,,,,,Trade-ATH (25),EXEMPT,,C,Jesus Rodriguez,NYY,,,,,,,,,,,,,,
,X,,,,,,,,,,,,,,,FYPD (23) Rd 4,2026,,C,Cooper Ingle,CLE,,,,,,,,,,,,,,
,X,,,,,,,,,,,,,,,FYPD (25) CBB,2028,,C,Caden Bodine,BAL,,,,,,,,,,,,,,
,X,,,,,,,,,,,,,,,Trade-LAA (25),2028,,C,Ivan Luciano,ARZ,,,,,,,,,,,,,,
,,,,,,,,,,,,,,,,,,,,,,,,,,,,,,,,,,,
,X,,,,,,,,,,,,,,,MiLB FA (25),2027,,1B,Cameron Sisneros,CHC,,,,,,,,,,,,,,
,,,,,,,,,,,,,,,,,,,,,,,,,,,,,,,,,,,
,X,,,,,,,,,,,,,,,Trade-PHI (25),2026,,2B,Tucker Toman,TOR,,,,,,,,,,,,,,
,X,,,,,,,,,,,,,,,Trade-PHI (25),2026,,2B,Nick Morabito,NYM,,,,,,,,,,,,,,
,X,,,,,,,,,,,,,,,Trade-MIL (25),2025,,2B,Nate Furman,CLE,,,,,,,,,,,,,,
,X,,,,,,22,,,,,,,,,Trade-LAA (23),EXEMPT,,2B,Cal Conley,ATL,,,,,,,,,,,,,,
,X,,,,,,,,,,,,,,,MiLB FA (22),EXEMPT,,2B,Eddinson Paulino,BOS,,,,,,,,,,,,,,
,X,,,,,,,,,,,,,,,Inaugural Draft,Eligible,,2B,Jose Rodriguez ,STL,,,,,,,,,,,,,,
,X,,,,,,,,,,,,,,,Trade-MIL (25),2027,,2B,Luis De Leon,SD,,,,,,,,,,,,,,
,X,,,,,,,,,,,,,,,Trade-SF (25),2026,,2B,Charles McAdoo,PIT,,,,,,,,,,,,,,
,X,,,,,,,,,,,,,,,FYPD (23) Rd 2,2026,,2B,Max Anderson,DET,,,,,,,,,,,,,,
,,,,,,,,,,,,,,,,,,,,,,,,,,,,,,,,,,,
,X,,,,,,,,,,,,,,,Trade-SEA (25),Eligible,,SS,Axel Sanchez,SEA,,,,,,,,,,,,,,
,X,,,,,,,,,,,,,,,Trade-SEA (25),2029,,SS,Juan Tomas,CHC,,,,,,,,,,,,,,
,X,,,,,,,,,,,,,,,FYPD (25) Rd 6,2028,,SS,Eddie King Jr,PIT,,,,,,,,,,,,,,
,X,,,,,,,,,,,,,,,Trade-SEA (25),EXEMPT,,SS,Aeverson Arteaga ,SF,,,,,,,,,,,,,,
,X,,,,,,,,,,,,,,,Inaugural Draft,EXEMPT,,SS,Reginald Preciado,CHC,,,,,,,,,,,,,,
,X,,,,,,,,,,,,,,,Trade-PHI (25),2027,,SS,Elias Medina,LAD,,,,,,,,,,,,,,
,X,,,,,,,,,,,,,,,Trade-SD (25),Eligible,,SS,Ben Cowles,NYY,,,,,,,,,,,,,,
,X,,,,,,,,,,,,,,,Trade-MIL (25),2026,,SS,Abrahan Ramirez,NYY,,,,,,,,,,,,,,
,X,,,,,,,,,,,,,,,Trade-PHI (25),2028,,SS,Emil Morales,LAD,,,,,,,,,,,,,,
,X,,,,,,,,,,,,,,,Trade-NYM (25),2027,,SS,Derniche Valdez,CHC,,,,,,,,,,,,,,
,X,,,,,,,,,,,,,,,FYPD (25) Rd 5,2028,,SS,Daniel Dickinson,MIL,,,,,,,,,,,,,,
,X,,,,,,,,,,,,,,,FYPD (25) Rd 3,2028,,SS,Colin Yeaman,BAL,,,,,,,,,,,,,,
,X,,,,,,,,,,,,,,,Trade-TB (25),2028,,SS,Fernando Cruz,CHC,,,,,,,,,,,,,,
,X,,,,,,,,,,,,,,,Trade-NYM (25),2026,,SS,Dyan Jorge,COL,,,,,,,,,,,,,,
,X,,,,,,,,,,,,,,,FYPD (25) Rd 2,2029,,SS,Quentin Young,MIN,,,,,,,,,,,,,,
,X,,,,,,,,,,,,,,,Trade-PHI (25),2026,,SS,Juan Baez,MIL,,,,,,,,,,,,,,
,X,,,,,,,,,,,,,,,Trade-PIT (25),2028,,SS,Dawel Joseph,SEA,,,,,,,,,,,,,,
,X,,,,,,,,,,,,,,,Trade-PHI (25),2027,,SS,Felnin Celesten,SEA,,,,,,,,,,,,,,
,X,,,,,,,,,,,,,,,Trade-STL (25),2028,,SS,Daiber De Los Santos,MIN,,,,,,,,,,,,,,
,X,,,,,,,,,,,,,,,Trade-LAD (25),2027,,SS,Nazzan Zanetello,BOS,,,,,,,,,,,,,,
,X,,,,,,,,,,,,,,,Trade-ATL (25),2028,,SS,Elvin Garcia,BAL,,,,,,,,,,,,,,
,X,,,,,,,,,,,,,,,Trade-SEA (25),2027,,SS,Antonio Anderson,BOS,,,,,,,,,,,,,,
,,,,,,,,,,,,,,,,,,,,,,,,,,,,,,,,,,,
,X,,,,,,,,,,,,,,,Trade-STL (25),2026,,3B,Jacob Reimer,NYM,,,,,,,,,,,,,,
,X,,,,,,,,,,,,,,,Trade-LAA (25),2026,,3B,Mac Horvath,BAL,,,,,,,,,,,,,,
,X,,,,,,,,,,,,,,,Trade-PHI (25),2025,,3B,Jack Brannigan,PIT,,,,,,,,,,,,,,
,X,,,,,,,,,,,,,,,Trade-DET (25),2025,,3B,Max Wagner,BAL,,,,,,,,,,,,,,
,X,,,,,,,,,,,,,,,Inaugural Draft,EXEMPT,,3B,Malcom Nunez,STL,,,,,,,,,,,,,,
,X,,,,,,,,,,,,,,,Trade-MIA (25),EXEMPT,,3B,TJ Rumfield,NYY,,,,,,,,,,,,,,
,X,,,,,,,,,,,,,,,Trade-ATH (25),EXEMPT,,3B,Riley Tirotta,TOR,,,,,,,,,,,,,,
,X,,,,,,,,,,,,,,,FYPD (25) Rd 1,2029,,3B,Ethan Holliday,COL,,,,,,,,,,,,,,
,X,,,,,,,,,,,,,,,Trade-PIT (25),2026,,3B,Oswaldo Osorio,LAD,,,,,,,,,,,,,,
,X,,,,,,,,,,,,,,,MiLB FA (25),2027,,3B,Matt Halbach,CHC,,,,,,,,,,,,,,
,X,,,,,,,,,,,,,,,FYPD (24) Rd 5,2028,,3B,Chase Harlan,LAD,,,,,,,,,,,,,,
,X,,,,,,,,,,,,,,,Trade-DET (25),Eligible,,3B,BJ Murray,CHC,,,,,,,,,,,,,,
,X,,,,,,,,,,,,,,,FYPD (24) Rd 6,2027,,3B,Zander Darby,SF,,,,,,,,,,,,,,
,,,,,,,,,,,,,,,,,,,,,,,,,,,,,,,,,,,
,X,,,,,,,,,,,,,,,Inaugural Draft,EXEMPT,,OF,Misael Urbina ,MIN,,,,,,,,,,,,,,
,X,,,,,,,,,,,,,,,MiLB FA (22),EXEMPT,,OF,Gabriel Martinez,TOR,,,,,,,,,,,,,,
,X,,,,,,,,,,,,,,,Trade-SEA (24),EXEMPT,,OF,Austin Hendrick,CIN,,,,,,,,,,,,,,
,X,,,,,,,,,,,,,,,MiLB FA (22),Eligible,,OF,Luis Mieses,CHW,,,,,,,,,,,,,,
,X,,,,,,,,,,,,,,,IFA (25),2029,,OF,Edison Charles,NYY,,,,,,,,,,,,,,
,X,,,,,,,,,,,,,,,Trade-PHI (25),2027,,OF,Max Clark,DET,,,,,,,,,,,,,,
,X,,,,,,,,,,,,,,,IFA (23),2027,,OF,Cristian Perez,DET,,,,,,,,,,,,,,
,X,,,,,,,,,,,,,,,FYPD (24) Rd 4,2027,,OF,Nathan Archer,CHW,,,,,,,,,,,,,,
,X,,,,,,,,,,,,,,,Trade-SEA (25),2027,,OF,James Tibbs,SF,,,,,,,,,,,,,,
,X,,,,,,,,,,,,,,,Trade-SF (25),2026,,OF,Yasser Mercedes,MIN,,,,,,,,,,,,,,
,X,,,,,,,,,,,,,,,Trade-DET (25),2026,,OF,Matthew Etzel,BAL,,,,,,,,,,,,,,
,X,,,,,,,,,,,,,,,Trade-NYM (25),2026,,OF,Simon Juan,NYM,,,,,,,,,,,,,,
,X,,,,,,,,,,,,,,,Trade-MIA (25),2026,,OF,Elijah Green,WSH,,,,,,,,,,,,,,
,X,,,,,,,,,,,,,,,Trade-SEA (25),2026,,OF,Jaison Chourio,CLE,,,,,,,,,,,,,,
,X,,,,,,,,,,,,,,,Trade-DET (25),2025,,OF,Jud Fabian,BAL,,,,,,,,,,,,,,
,X,,,,,,,,,,,,,,,Trade-PHI (25),2025,,OF,Yeison Morrobel,TEX,,,,,,,,,,,,,,
,X,,,,,,,,,,,,,,,Trade-STL (25),2025,,OF,Fidel Montero,NYY,,,,,,,,,,,,,,
,X,,,,,,,,,,,,,,,Trade-MIA (25),2025,,OF,Felix Tena,COL,,,,,,,,,,,,,,
,,,,,,,,,,,,,,,,,,,,,,,,,,,,,,,,,,,
,X,,,,,,,,,,,,,,,FYPD (25) Rd 4,Not in RR,,P,Talon Haley,LAA,,,,,,,,,,,,,,
,X,,,,,,,,,,,,,,,Trade-TB (26),EXEMPT,,P,Ryan Fernandez,STL,,,,,,,,,,,,,,
,X,,,,,,25,,,,,,,,,Rule V-CLE (25),EXEMPT,,P,Owen White,TEX,,,,,,,,,,,,,,
,X,,,,,,25,,,,,,,,,Trade-ATH (25),EXEMPT,,P,Luke Little,CHC,,,,,,,,,,,,,,
,X,,,,,,22,23,,,,,,,,Trade-PHI (25),EXEMPT,,P,Ron Marinaccio,SD,,,,,,,,,,,,,,
,X,,,,,,,,,,,,,,,Trade-SD (25),Eligible,,P,Will Bednar,SF,,,,,,,,,,,,,,
,X,,,,,,,,,,,,,,,Trade-ATL (25),Eligible,,P,Caleb Kilian,CHC,,,,,,,,,,,,,,
,X,,,,,,,,,,,,,,,Trade-LAA (25),Eligible,,P,Christian Chamberlain,KC,,,,,,,,,,,,,,
,X,,,,,,,,,,,,,,,MiLB FA (22),Eligible,,P,Kendall Williams,LAD,,,,,,,,,,,,,,
,X,,,,,,,,,,,,,,,Inaugural Draft,Eligible,,P,Kohl Franklin,CHC,,,,,,,,,,,,,,
,X,,,,,,,,,,,,,,,Trade-ATH (25),2028,,P,Yander Maria,CHC,,,,,,,,,,,,,,
,X,,,,,,,,,,,,,,,FYPD (24) Rd 3,2028,,P/UT,Conrad Cason,BOS,,,,,,,,,,,,,,
,X,,,,,,,,,,,,,,,Trade-KC (25),2027,,P,Anderson Brito,HOU,,,,,,,,,,,,,,
,X,,,,,,,,,,,,,,,IFA (23),2027,,P,Jeison Calvo,ARZ,,,,,,,,,,,,,,
,X,,,,,,,,,,,,,,,Trade-PHI (25),2026,,P,Will Sanders,CHC,,,,,,,,,,,,,,
,X,,,,,,,,,,,,,,,Trade-PHI (25),2026,,P,Luis Rujano,CHC,,,,,,,,,,,,,,
,X,,,,,,,,,,,,,,,Trade-PHI (25),2026,,P,Gary Gill Hill,TB,,,,,,,,,,,,,,
,X,,,,,,,,,,,,,,,Trade-PHI (25),2026,,P,Caden Dana,LAA,,,,,,,,,,,,,,
,X,,,,,,,,,,,,,,,Trade-STL (25),2026,,P,Dylan Lesko,SD,,,,,,,,,,,,,,
,X,,,,,,,,,,,,,,,Trade-SD (25),2025,,P,Tyler Stuart,NYM,,,,,,,,,,,,,,
,X,,,,,,,,,,,,,,,Trade-PIT (25),2025,,P,Trey Dombroski,HOU,,,,,,,,,,,,,,
,X,,,,,,,,,,,,,,,Inaugural Draft,2025,,P,Drew Gray,CHC,,,,,,,,,,,,,,
,X,,,,,,,,,,,,,,,MiLB FA (22),2025,,P,Owen Kellington,PIT,,,,,,,,,,,,,,
,,,,,,,,,,,,,,,,,,,,,,,,,,,,,,,,,,,
D E A D   M O N E Y,,,,,,,,,,,,,,,,,,,,,,,,,,,,,,,,,,,
,,,Traded,,,Released,,,Rule 5 Fee,,,Retirement,,,Option Buyout,,,,POS,Name,Team,2026,2027,2028,2029,2030,2031,2032,2033,2034,2035,2036,2037,2038,2039
,,,,,,x,,,,,,,,,,,,,OF,Trayce Thompson,LAD,"2,250,000",,,,,,,,,,,,,
,,,,,,x,,,,,,,,,,,,,OF,Avisail Garcia,MIA,"3,600,000",,,,,,,,,,,,,
,,,,,,,,,,,,,,,x,,,,OF,Aledmys Diaz,FA,"2,955,000",,,,,,,,,,,,,