B o s t o n   R e d   S o x,,,,,,,,,,,,,,,,,,,,,,,,,,,,,,,,,,,
,,,,,,,,,,,,,,,,,,,,,,,,,,,,,,,,,,,
,,,,Owner,,,Scott,,,,MLB,,,27,,Tax Bill Paid,,No,,League Year,,2026,2027,2028,2029,2030,2031,2032,2033,2034,2035,2036,2037,2038,2039
,,,,Joined,,,2022,,,,40 Man,,,34,,Years Paid,,,,Payroll,,"187,678,333","123,008,333","26,250,000","10,000,000","12,000,000","15,000,000","20,000,000",0,0,0,0,0,0,0
,,,,Franchise Record,,,247-239,,,,Minors,,,121,,Status,,,,Dead Money,,"8,090,000","4,340,000","2,604,000","2,604,000","2,604,000",0,0,0,0,0,0,0,0,0
,,,,Playoff Appearances,,,1,,,,Rotation,,,7,,Future Status,,,,Total Payroll,,"195,768,333","127,348,333","28,854,000","12,604,000","14,604,000","15,000,000","20,000,000",0,0,0,0,0,0,0
,,,,AL East Titles,,,0,,,,Injured List,,,0,,Extensions,,2,,Luxury Tax Space,,"41,231,667","113,651,667","215,146,000","231,396,000","229,396,000","229,000,000","224,000,000","244,000,000","244,000,000","244,000,000","244,000,000","244,000,000","244,000,000","244,000,000"
,,,,AL Pennants,,,0,,,,60 Day IL,,,0,,Restructure,,0,,Payroll % Active,,95.87%,96.59%,90.98%,79.34%,82.17%,100.00%,100.00%,,,,,,,
,,,,World Series Championships,,,0,,,,,,,,,Lottery Picks,,0,,Payroll % Inactive,,4.13%,3.41%,9.02%,20.66%,17.83%,0.00%,0.00%,,,,,,,
MLB,MiLB,40,IL,IL Length,IL Date,IL Return,Option Years Used,,,,Options Used,,,,,How Acquired,Optioned/DFA Date,Recall Eligible Date,POS,Name,Team,2026,2027,2028,2029,2030,2031,2032,2033,2034,2035,2036,2037,2038,2039
P O S I T I O N   P L A Y E R S,,,,,,,,,,,,,,,,,,,,,,,,,,,,,,,,,,,
,,,,,,,,,,,,,,,,,,,,,,,,,,,,,,,,,,,
X,,X,,,,0,,,,,,,,,,Inaugural Draft,,,1B,Nate Lowe,WSH,ARB 4,UFA,,,,,,,,,,,,
,,,,,,,,,,,,,,,,,,,,,,,,,,,,,,,,,,,
X,,X,,,,0,D,F,A,,-,O,N,L,Y,UFA (25),,,2B,Jose Altuve,HOU,"54,000,000","36,000,000",UFA,,,,,,,,,,,
X,,X,,,,,,,,,,,,,,FYPD (22) Rd 1,,,2B,Jace Jung,DET,"760,000",TC ,TC ,ARB 1,ARB 2,ARB 3,UFA,,,,,,,
X,,X,,,,0,22,23,24,,,,,,,MiLB FA (22),,,2B,Lenyn Sosa,CHW,"760,000",ARB 1,ARB 2,ARB 3,UFA,,,,,,,,,
X,,X,,,,0,23,,,,,,,,,Inaugural Draft,,,2B,Andy Ibanez,TEX,ARB 2,ARB 3,ARB 4,UFA,,,,,,,,,,
,,,,,,,,,,,,,,,,,,,,,,,,,,,,,,,,,,,
,X,X,,,,0,24,25,,,,,,,,Trade-MIA (25),,,SS,Marco Luciano,SF,"760,000",ARB 1,ARB 2,ARB 3,UFA,,,,,,,,,
X,,X,,,,0,D,F,A,,-,O,N,L,Y,Inaugural Draft,,,SS,Willy Adames,MIL,"18,375,000","18,375,000",UFA,,,,,,,,,,,
X,,X,,,,0,,,,,,,,,,Trade-DET (22),,,SS,Adael Amador,COL,"760,000",TC ,ARB 1,ARB 2,ARB 3,UFA,,,,,,,,
X,,X,,,,0,22,24,,,,,,,,Inaugural Draft,,,SS,Liover Peguero,PIT,"760,000",ARB 1,ARB 2,ARB 3,UFA,,,,,,,,,
,,,,,,,,,,,,,,,,,,,,,,,,,,,,,,,,,,,
X,,X,,,,0,22,,,,,,,,,Inaugural Draft,,,3B,Jake Burger,CHW,ARB 1,ARB 2,ARB 3,UFA,,,,,,,,,,
,X,X,,,,0,25,,,,,,,,,Inaugural Draft,,,3B,Bryan Ramos,CHW,"760,000",ARB 1,ARB 2,ARB 3,UFA,,,,,,,,,
X,,X,,,,0,23,,,,,,,,,Inaugural Draft,,,3B,Miguel Vargas,CHW,"760,000",ARB 1,ARB 2,ARB 3,UFA,,,,,,,,,
,X,X,,,,0,,,,,,,,,,Inaugural Draft,,,3B,Deyvison De Los Santos,MIA,"760,000",TC ,ARB 1,ARB 2,ARB 3,UFA,,,,,,,,
,,,,,,,,,,,,,,,,,,,,,,,,,,,,,,,,,,,
X,,X,,,,0,,,,,,,,,,Inaugural Draft,,,OF,Randy Arozarena,TB,ARB 4,UFA,,,,,,,,,,,,
X,,X,,,,0,,,,,,,,,,Inaugural Draft,,,OF,Evan Carter,TEX,"760,000",ARB 1,ARB 2,ARB 3,UFA,,,,,,,,,
X,,X,,,,0,D,F,A,,-,O,N,L,Y,Inaugural Draft,,,OF,Michael Harris,ATL,"8,000,000","9,000,000","10,000,000","10,000,000","12,000,000","15,000,000","20,000,000",UFA,,,,,,
X,,X,,,,0,,,,,,,,,,Inaugural Draft,,,OF,Jake Meyers,HOU,ARB 2,ARB 3,UFA,,,,,,,,,,,
,X,X,,,,0,25,,,,,,,,,Inaugural Draft,,,OF,Zac Veen,COL,"760,000",TC ,ARB 1,ARB 2,ARB 3,UFA,,,,,,,,
,,,,,,,,,,,,,,,,,,,,,,,,,,,,,,,,,,,
P I T C H E R S,,,,,,,,,,,,,,,,,,,,,,,,,,,,,,,,,,,
MLB,MiLB,40,IL,IL Length,IL Date,IL Return,Option Years Used,,,,Options Used,,,,,How Acquired,Optioned/DFA Date,Recall Eligible Date,POS,Name,Team,2026,2027,2028,2029,2030,2031,2032,2033,2034,2035,2036,2037,2038,2039
,,,,,,,,,,,,,,,,,,,,,,,,,,,,,,,,,,,
X,,X,,,,0,D,F,A,,-,O,N,L,Y,Inaugural Draft,,,SP,Brandon Woodruff,MIL,"20,000,000",UFA,,,,,,,,,,,,
X,,X,,,,0,23,,,,,,,,,MiLB FA (22),,,SP,Cole Ragans,KC,"4,583,333","7,583,333",ARB 3,UFA,,,,,,,,,,
X,,X,,,,0,D,F,A,,-,O,N,L,Y,UFA (24),,,SP,Colin Rea,MIL,"760,000",UFA,,,,,,,,,,,,
X,,X,,,,0,D,F,A,,-,O,N,L,Y,UFA (24),,,SP,Jacob Degrom,TEX,"35,000,000","35,000,000",UFA,,,,,,,,,,,
X,,X,,,,0,D,F,A,,-,O,N,L,Y,UFA (24),,,SP,Max Scherzer,TEX,"21,200,000",UFA,,,,,,,,,,,,
X,,X,,,,0,23,25,,,,,,,,Inaugural Draft,,,SP,AJ Smith-Shawver,ATL,ARB 1,ARB 2,ARB 3,UFA,,,,,,,,,,
,X,X,,,,0,,,,,,,,,,MiLB FA (23),,,SP,Yilber Diaz,ARZ,"760,000",TC ,ARB 1,ARB 2,ARB 3,UFA,,,,,,,,
X,,X,,,,0,,,,,,,,,,Inaugural Draft,,,SP,Michael McGreevy,STL,"760,000",TC ,ARB 1,ARB 2,ARB 3,UFA,,,,,,,,
X,,X,,,,0,,,,,,,,,,MiLB FA (22),,,SP,Will Warren,NYY,"760,000",TC ,ARB 1,ARB 2,ARB 3,UFA,,,,,,,,
,X,X,,,,0,,,,,,,,,,Inaugural Draft,,,SP,Tekoah Roby,STL,"760,000",TC ,ARB 1,ARB 2,ARB 3,UFA,,,,,,,,
,X,X,,,,,,,,,,,,,,Rule V- NYY 26,,,P,Ben Kudrna,KC,"760,000",TC ,TC ,ARB 1,ARB 2,ARB 3,UFA,,,,,,,
,,,,,,,,,,,,,,,,,,,,,,,,,,,,,,,,,,,
X,,X,,,,0,,,,,,,,,,Trade-SD (23),,,RP,Ian Seymour,TB,"760,000",TC ,ARB 1,ARB 2,ARB 3,UFA,,,,,,,,
X,,X,,,,0,D,F,A,,-,O,N,L,Y,UFA (23),,,RP,Ryan Helsley,NYM,"8,250,000","16,250,000","16,250,000",UFA,,,,,,,,,,
X,,X,,,,0,D,F,A,,-,O,N,L,Y,UFA (23),,,RP,Hunter Harvey,WSH,"4,550,000",UFA,,,,,,,,,,,,
X,,X,,,,0,D,F,A,,-,O,N,L,Y,UFA (25),,,RP,Erik Sabrowski,CLE,"800,000","800,000",UFA,,,,,,,,,,,
X,,X,,,,0,22,24,,,,,,,,Inaugural Draft,,,RP,Reid Detmers,LAA,ARB 2,ARB 3,UFA,,,,,,,,,,,
,,,,,,,,,,,,,,,,,,,,,,,,,,,,,,,,,,,
M I N O R S,,,,,,,,,,,,,,,,,,,,,,,,,,,,,,,,,,,
MLB,MiLB,40,IL,IL Length,IL Date,IL Return,Option Years Used,,,,Options Used,,,,,How Acquired,Rule 5 Eligibility,,POS,Name,Team,2026,2027,2028,2029,2030,2031,2032,2033,2034,2035,2036,2037,2038,2038
,,,,,,,,,,,,,,,,,,,,,,,,,,,,,,,,,,,
,X,,,,,,,,,,,,,,,MiLB FA (23),2025,,C,Miguel Sosa,PIT,,,,,,,,,,,,,,
,X,,,,,,,,,,,,,,,MiLB FA (23),2026,,C,Engelth Urena,NYY,,,,,,,,,,,,,,
,X,,,,,,,,,,,,,,,MiLB FA (23),2026,,C,Josue Briceno,DET,,,,,,,,,,,,,,
,X,,,,,,,,,,,,,,,IFA (23),2027,,C,Julio Zayas,NYM,,,,,,,,,,,,,,
,X,,,,,,,,,,,,,,,MiLB FA (25),2026,,C,Hyungchan Um,KC,,,,,,,,,,,,,,
,X,,,,,,,,,,,,,,,IFA (23),2027,,C,Jhocsuanth Vargas,TEX,,,,,,,,,,,,,,
,X,,,,,,,,,,,,,,,IFA (23),2027,,C,Ramon Ramirez,KC,,,,,,,,,,,,,,
,X,,,,,,,,,,,,,,,IFA (23),2027,,C,Stiven Flores,CHW,,,,,,,,,,,,,,
,X,,,,,,,,,,,,,,,MiLB FA (24),2026,,C,Ronny Hernandez,CHW,,,,,,,,,,,,,,
,X,,,,,,,,,,,,,,,IFA (25),2029,,C,Sebastian Baquera,TEX,,,,,,,,,,,,,,
,,,,,,,,,,,,,,,,,,,,,,,,,,,,,,,,,,,
,X,,,,,,,,,,,,,,,MiLB FA (24),2026,,1B,Larry Martinez,TB,,,,,,,,,,,,,,
,X,,,,,,,,,,,,,,,MiLB FA (24),2025,,1B,Aneudis Mordan,BAL,,,,,,,,,,,,,,
,X,,,,,,,,,,,,,,,FYPD (25) Rd 5,2028,,1B,Anthony Martinez,CLE,,,,,,,,,,,,,,
,X,,,,,,,,,,,,,,,MiLB FA (25),2027,,1B,Victor Figueroa,SD,,,,,,,,,,,,,,
,X,,,,,,,,,,,,,,,MiLB FA (24),2026,,1B,Will Simpson,ATH,,,,,,,,,,,,,,
,X,,,,,,,,,,,,,,,MiLB FA (24),2027,,1B,Adrian Gil,CHW,,,,,,,,,,,,,,
,X,,,,,,,,,,,,,,,MiLB FA (24),2026,,1B,Julio Henriquez,MIA,,,,,,,,,,,,,,
,,,,,,,,,,,,,,,,,,,,,,,,,,,,,,,,,,,
,X,,,,,,,,,,,,,,,MiLB FA (24),2026,,2B,Sandro Pereira,HOU,,,,,,,,,,,,,,
,X,,,,,,,,,,,,,,,MiLB FA (24),2026,,2B,Dameury Pena,MIN,,,,,,,,,,,,,,
,X,,,,,,,,,,,,,,,MiLB FA (25),2028,,2B,Dauri Fernandez,CLE,,,,,,,,,,,,,,
,X,,,,,,,,,,,,,,,Inaugural Draft,Eligible,,2B,Adrian Pinto,TOR,,,,,,,,,,,,,,
,X,,,,,,,,,,,,,,,Inaugural Draft,Eligible,,2B,Trevor Hauver,TEX,,,,,,,,,,,,,,
,X,,,,,,,,,,,,,,,MiLB FA (23),Eligible,,2B,Devin Mann,LAD,,,,,,,,,,,,,,
,X,,,,,,,,,,,,,,,MiLB FA (23),Eligible,,2B,Juan Benjamin,CLE,,,,,,,,,,,,,,
,X,,,,,,,,,,,,,,,MiLB FA (23),2026,,2B,Derek Bernard,COL,,,,,,,,,,,,,,
,X,,,,,,,,,,,,,,,MiLB FA (23),2025,,2B,Derlin Figueroa,KC,,,,,,,,,,,,,,
,X,,,,,,,,,,,,,,,MiLB FA (23),2026,,2B,Moises Lopez,MIN,,,,,,,,,,,,,,
,,,,,,,,,,,,,,,,,,,,,,,,,,,,,,,,,,,
,X,,,,,,,,,,,,,,,IFA (23),2027,,SS,Luiyin Alastre,MIL,,,,,,,,,,,,,,
,X,,,,,,,,,,,,,,,Inaugural Draft,Eligible,,SS,Jose Salas,MIN,,,,,,,,,,,,,,
,X,,,,,,,,,,,,,,,Inaugural Draft,2025,,SS,Rayne Doncon,LAD,,,,,,,,,,,,,,
,X,,,,,,,,,,,,,,,IFA (23),2027,,SS,Pedro Ibarguen,MIL,,,,,,,,,,,,,,
,X,,,,,,,,,,,,,,,MiLB FA (22),2026,,SS,Jesus Baez,STL,,,,,,,,,,,,,,
,X,,,,,,,,,,,,,,,MiLB FA (22),2025,,SS,Daniel Guilarte,MIL,,,,,,,,,,,,,,
,X,,,,,,,,,,,,,,,IFA (25),2029,,SS,Hector Ramos,BOS,,,,,,,,,,,,,,
,X,,,,,,,,,,,,,,,FYPD (25) Rd 1,2029,,SS,Ryan Mitchell,STL,,,,,,,,,,,,,,
,X,,,,,,,,,,,,,,,FYPD (25) Rd 4,2029,,SS,Coy James,WSH,,,,,,,,,,,,,,
,X,,,,,,,,,,,,,,,IFA (25),2029,,SS,Sebastian Blanco,TOR,,,,,,,,,,,,,,
,X,,,,,,,,,,,,,,,IFA (25),2029,,SS,Luis Garcia,CLE,,,,,,,,,,,,,,
,X,,,,,,,,,,,,,,,Inaugural Draft,2025,,SS,Leonardo Balcazar,CIN,,,,,,,,,,,,,,
,X,,,,,,,,,,,,,,,MiLB FA (22),2025,,SS,Danny de Andrade,MIN,,,,,,,,,,,,,,
,X,,,,,,,,,,,,,,,MiLB FA (23),2026,,SS,Rafael Ramirez Jr,CLE,,,,,,,,,,,,,,
,X,,,,,,,,,,,,,,,MiLB FA (23),2026,,SS,Kelvin Hidalgo,COL,,,,,,,,,,,,,,
,X,,,,,,,,,,,,,,,IFA (23),2027,,SS,Angel Cepeda,CHC,,,,,,,,,,,,,,
,X,,,,,,,,,,,,,,,MiLB FA (23),2026,,SS,Jefferson Rojas,CHC,,,,,,,,,,,,,,
,X,,,,,,,,,,,,,,,MiLB FA (23),2026,,SS,Alexander Albertus,LAD,,,,,,,,,,,,,,
,X,,,,,,,,,,,,,,,MiLB FA (22),2026,,SS,Yoffry Solano,MIA,,,,,,,,,,,,,,
,X,,,,,,,,,,,,,,,MiLB FA (23),2025,,SS,Diego Velasquez,SF,,,,,,,,,,,,,,
,X,,,,,,,,,,,,,,,FYPD (23) Rd 2,2027,,SS,Sammy Stafura,CIN,,,,,,,,,,,,,,
,X,,,,,,,,,,,,,,,MiLB FA (24),Eligible,,SS,Jose Devers,CLE,,,,,,,,,,,,,,
,,,,,,,,,,,,,,,,,,,,,,,,,,,,,,,,,,,
,X,,,,,,,,,,,,,,,FYPD (23) Rd 1,2027,,3B,Aidan Miller,PHI,,,,,,,,,,,,,,
,X,,,,,,,,,,,,,,,FYPD (22) Rd 4,2026,,3B,Austin Charles,KC,,,,,,,,,,,,,,
,X,,,,,,,,,,,,,,,MiLB FA (25),2027,,3B,Enyervert Perez,ARZ,,,,,,,,,,,,,,
,X,,,,,,,,,,,,,,,MiLB FA (23),Eligible,,3B,Marcos Castanon,SD,,,,,,,,,,,,,,
,X,,,,,,,,,,,,,,,MiLB FA (22),2026,,3B,Echedry Vargas,TEX,,,,,,,,,,,,,,
,X,,,,,,,,,,,,,,,IFA (24),2028,,3B,Eduardo Herrera,CHW,,,,,,,,,,,,,,
,,,,,,,,,,,,,,,,,,,,,,,,,,,,,,,,,,,
,X,,,,,,,,,,,,,,,MiLB FA (25),2027,,OF,Maxton Martin,TEX,,,,,,,,,,,,,,
,X,,,,,,,,,,,,,,,FYPD (24) Rd 1,2028,,OF,Theodore Gillen,TB,,,,,,,,,,,,,,
,X,,,,,,,,,,,,,,,MiLB FA (24),2026,,OF,Jean Joseph,TOR,,,,,,,,,,,,,,
,X,,,,,,,,,,,,,,,IFA (24),2028,,OF,Vladimir Asencio,BOS,,,,,,,,,,,,,,
,X,,,,,,,,,,,,,,,FYPD (23) Rd 5,2027,,OF,Devin Saltiban,PHI,,,,,,,,,,,,,,
,X,,,,,,,,,,,,,,,MiLB FA (24),2026,,OF,Thomas Sosa,BAL,,,,,,,,,,,,,,
,X,,,,,,,,,,,,,,,IFA (23),2027,,OF,Rayner Arias,SF,,,,,,,,,,,,,,
,X,,,,,,,,,,,,,,,IFA (23),2027,,OF,Anibal Salas,DET,,,,,,,,,,,,,,
,X,,,,,,,,,,,,,,,MiLB FA (22),2026,,OF,Luis Lara,MIL,,,,,,,,,,,,,,
,X,,,,,,,,,,,,,,,IFA (24),2028,,OF,Angel Guzman,SF,,,,,,,,,,,,,,
,X,,,,,,,,,,,,,,,MiLB FA (23),2027,,OF,Erick Bautista,COL,,,,,,,,,,,,,,
,X,,,,,,,,,,,,,,,MiLB FA (23),2026,,OF,Estuar Suero,SD,,,,,,,,,,,,,,
,X,,,,,,,,,,,,,,,IFA (25),2029,,OF,Maykel Coret,TB,,,,,,,,,,,,,,
,X,,,,,,,,,,,,,,,MiLB FA (23),2026,,OF,Luis Baez,HOU,,,,,,,,,,,,,,
,X,,,,,,,,,,,,,,,Inaugural Draft,2025,,OF,Lonnie White,PIT,,,,,,,,,,,,,,
,X,,,,,,,,,,,,,,,MiLB FA (23),2025,,OF,Raylin Heredia,PHI,,,,,,,,,,,,,,
,X,,,,,,,,,,,,,,,MiLB FA (22),2025,,OF,Jace Avina,NYY,,,,,,,,,,,,,,
,X,,,,,,,,,,,,,,,MiLB FA (22),Eligible,,OF,Tyler Gentry,KC,,,,,,,,,,,,,,
,X,,,,,,,,,,,,,,,IFA (24),2028,,OF,Jalvin Arias,PHI,,,,,,,,,,,,,,
,,,,,,,,,,,,,,,,,,,,,,,,,,,,,,,,,,,
,X,,,,,,,,,,,,,,,FYPD (25) Rd 6,Not in RR,,P,Ma'Kale Holden,MIL,,,,,,,,,,,,,,
,X,,,,,,,,,,,,,,,MiLB FA (23),Eligible,,P,Kyle Virbitsky,ATH,,,,,,,,,,,,,,
,X,,,,,,,,,,,,,,,MiLB FA (22),Eligible,,P,Alimber Santa,HOU,,,,,,,,,,,,,,
,X,,,,,,,,,,,,,,,FYPD (25) Rd 2,2029,,P,Briggs McKenzie,ATL,,,,,,,,,,,,,,
,X,,,,,,,,,,,,,,,FYPD (25) Rd 3,2029,,P,Miguel Sime,WSH,,,,,,,,,,,,,,
,X,,,,,,,,,,,,,,,MiLB FA (25),2028,,P,Alexander Garcia,CLE,,,,,,,,,,,,,,
,X,,,,,,,,,,,,,,,MiLB FA (25),2028,,P,Darrel Lunar,WSH,,,,,,,,,,,,,,
,X,,,,,,,,,,,,,,,MiLB FA (25),2028,,P,Jagger Beck,HOU,,,,,,,,,,,,,,
,X,,,,,,,,,,,,,,,MiLB FA (25),2028,,P,Stharlin Torres,CIN,,,,,,,,,,,,,,
,X,,,,,,,,,,,,,,,MiLB FA (25),2028,,P,Ethan Dorchies,MIL,,,,,,,,,,,,,,
,X,,,,,,,,,,,,,,,MiLB FA (25),2028,,P,Titan Hayes,PHI,,,,,,,,,,,,,,
,X,,,,,,,,,,,,,,,FYPD (24) Rd 2,2027,,P,Jonathan Santucci,NYM,,,,,,,,,,,,,,
,X,,,,,,,,,,,,,,,FYPD (24) Rd 3,2027,,P,Nate Dohm,NYM,,,,,,,,,,,,,,
,X,,,,,,,,,,,,,,,FYPD (24) Rd 4,2027,,P,Gage Ziehl,NYY,,,,,,,,,,,,,,
,X,,,,,,,,,,,,,,,FYPD (24) Rd 6,2027,,P,Owen Hackman,ATL,,,,,,,,,,,,,,
,X,,,,,,,,,,,,,,,MiLB FA (25),2027,,P,Luis Pimentel,CIN,,,,,,,,,,,,,,
,X,,,,,,,,,,,,,,,MiLB FA (24),2027,,P,Gilberto Bautista,BOS,,,,,,,,,,,,,,
,X,,,,,,,,,,,,,,,MiLB FA (25),2027,,P,Blake Aita,BOS,,,,,,,,,,,,,,
,X,,,,,,,,,,,,,,,MiLB FA (24),2027,,P,Kannon Kemp,SD,,,,,,,,,,,,,,
,X,,,,,,,,,,,,,,,FYPD (23) Rd 3,2027,,P,Paul Wilson,DET,,,,,,,,,,,,,,
,X,,,,,,,,,,,,,,,MiLB FA (25),2027,,P,Connor Wietgrefe,PIT,,,,,,,,,,,,,,
,X,,,,,,,,,,,,,,,MiLB FA (25),2027,,P,Greg Farone,SF,,,,,,,,,,,,,,
,X,,,,,,,,,,,,,,,MiLB FA (25),2027,,P,Kevin Velasco,BAL,,,,,,,,,,,,,,
,X,,,,,,,,,,,,,,,IFA (23),2027,,P,Angel Liranzo,PHI,,,,,,,,,,,,,,
,X,,,,,,,,,,,,,,,IFA (23),2027,,P,Jonathan Russell,TB,,,,,,,,,,,,,,
,X,,,,,,,,,,,,,,,IFA (23),2027,,P,Enniel Cortez,MIL,,,,,,,,,,,,,,
,X,,,,,,,,,,,,,,,MiLB FA (24),2026,,P,Sean Linan,LAD,,,,,,,,,,,,,,
,X,,,,,,,,,,,,,,,FYPD (23) Rd 6,2026,,P,Riley Gowens,ATL,,,,,,,,,,,,,,
,X,,,,,,,,,,,,,,,MiLB FA (23),2026,,P,Jogly Garcia,CLE,,,,,,,,,,,,,,
,X,,,,,,,,,,,,,,,MiLB FA (23),2026,,P,Yimi Presinal,KC,,,,,,,,,,,,,,
,X,,,,,,,,,,,,,,,FYPD (22) Rd 2,2026,,P,Robby Snelling,SD,,,,,,,,,,,,,,
,X,,,,,,,,,,,,,,,MiLB FA (23),2026,,P,Zack Qin,SD,,,,,,,,,,,,,,
,X,,,,,,,,,,,,,,,MiLB FA (23),2026,,P,Pitterson Rosa,PIT,,,,,,,,,,,,,,
,X,,,,,,,,,,,,,,,MiLB FA (23),2026,,P,Franklin Gomez,NYM,,,,,,,,,,,,,,
,X,,,,,,,,,,,,,,,MiLB FA (23),2025,,P,Aldrin Batista,CHW,,,,,,,,,,,,,,
,X,,,,,,,,,,,,,,,MiLB FA (23),2025,,P,Jordarlin Mendoza,NYY,,,,,,,,,,,,,,
,X,,,,,,,,,,,,,,,MiLB FA (23),2025,,P,Leandro Calderon,TEX,,,,,,,,,,,,,,
,X,,,,,,,,,,,,,,,MiLB FA (23),2025,,P,Victor Pena,KC,,,,,,,,,,,,,,
,X,,,,,,,,,,,,,,,MiLB FA (23),2025,,P,Juan Rojas,BAL,,,,,,,,,,,,,,
,X,,,,,,,,,,,,,,,MiLB FA (22),2025,,P,Victor Lizarraga,SD,,,,,,,,,,,,,,
,,,,,,,,,,,,,,,,,,,,,,,,,,,,,,,,,,,
D E A D   M O N E Y,,,,,,,,,,,,,,,,,,,,,,,,,,,,,,,,,,,
,,,Traded,,,Released,,,Rule 5 Fee,,,Retirement,,,Option Buyout,,,,POS,Name,Team,2026,2027,2028,2029,2030,2031,2032,2033,2034,2035,2036,2037,2038,2039
,,,,,,X,,,,,,,,,,,,,RP,Kyle Muller,ATH,"4,340,000","4,340,000","2,604,000","2,604,000","2,604,000",,,,,,,,,
,,,,,,,,,,,,,,,X,,,,RP,Rafael Montero,HOU,"3,750,000",,,,,,,,,,,,,