Durham Bulls,,,,,,,,,,,,,,,,,,,,,,,,,,,,,,,,,
,,,,,,,,,,,,,,,,,,,,,,,,,,,,,,,,,
,,,,Owner,,,Will,,,,MLB,,,26,,Tax Bill Paid,No,,League Year,,2026,2027,2028,2029,2030,2031,2032,2033,2034,2035,2036,2037,2038
,,,,Joined,,,2024,,,,40 Man,,,26,,Years Paid,,,Payroll,,"72,463,750","55,937,500","47,937,500","28,250,000","28,250,000","19,500,000","9,000,000",0,0,0,0,0,0
,,,,Franchise Record,,,28-87,,,,Minors,,,39,,Status,,,Dead Money,,0,0,0,0,0,0,0,0,0,0,0,0,0
,,,,Playoff Appearances,,,0,,,,Rotation,,,5,,Future Status,,,Total Payroll,,"72,463,750","55,937,500","47,937,500","28,250,000","28,250,000","19,500,000","9,000,000",0,0,0,0,0,0
,,,,NL Central Titles,,,0,,,,Injured List,,,0,,Extensions,2,,Luxury Tax Space,,"168,536,250","188,062,500","196,062,500","215,750,000","215,750,000","224,500,000","235,000,000","244,000,000","244,000,000","244,000,000","244,000,000","244,000,000","244,000,000"
,,,,NL Pennants,,,0,,,,60 Day IL,,,0,,Restructure,1,,Payroll % Active,,100.00%,100.00%,100.00%,100.00%,100.00%,100.00%,100.00%,,,,,,
,,,,World Series Championships,,,0,,,,,,,,,,,,Payroll % Inactive,,0.00%,0.00%,0.00%,0.00%,0.00%,0.00%,0.00%,,,,,,
MLB,MiLB,40,IL,IL Length,IL Date,IL Return,Option Years Used,,,,Options Used,,,,,Optioned/DFA Date,Recall Eligible Date,POS,Name,Team,2026,2027,2028,2029,2030,2031,2032,2033,2034,2035,2036,2037,2038
P O S I T I O N   P L A Y E R S,,,,,,,,,,,,,,,,,,,,,,,,,,,,,,,,,
,,,,,,,,,,,,,,,,,,,,,,,,,,,,,,,,,
X,,X,,,,12/30,,,,,,,,,,,,C,Rene Pinto,TB,"760,000",ARB1,ARB2,ARB3,UFA,,,,,,,,
X,,X,,,,12/30,,,,,,,,,,,,C,Ryan Jeffers,MIN,ARB 3,UFA,,,,,,,,,,,
,,,,,,,,,,,,,,,,,,,,,,,,,,,,,,,,,
X,,X,,,,12/30,,,,,,,,,,,,1B,Jac Caglianone,KC,"760,000",TC,ARB 1,ARB 2,ARB 3,UFA,,,,,,,
,,,,,,,,,,,,,,,,,,,,,,,,,,,,,,,,,
X,,X,,,,12/30,D,F,A,,-,O,N,L,Y,,,2B,Ha-Seong Kim,SD,"10,500,000","10,500,000","10,500,000","10,500,000","10,500,000","10,500,000",UFA,,,,,,
,,,,,,,,,,,,,,,,,,,,,,,,,,,,,,,,,
X,,X,,,,12/30,,,,,,,,,,,,SS,Gabriel Arias,CLE,ARB 1,ARB 2,ARB 3,UFA,,,,,,,,,
X,,X,,,,12/30,,,,,,,,,,,,SS,Kyren Paris,LAA,"760,000",TC,ARB1,ARB2,ARB3,UFA,,,,,,,
X,,X,,,,12/30,,,,,,,,,,,,SS,Max Muncy,OAK,"760,000",TC,ARB1,ARB2,ARB3,UFA,,,,,,,
,,,,,,,,,,,,,,,,,,,,,,,,,,,,,,,,,
X,,X,,,,12/30,D,F,A,,-,O,N,L,Y,,,3B,Ke' Bryan Hayes,PIT,"8,750,000","8,750,000","8,750,000","8,750,000","8,750,000",UFA,,,,,,,
X,,X,,,,12/30,,,,,,,,,,,,3B,Zach Dezenzo,HOU,"760,000",TC,ARB 1,ARB 2,ARB 3,UFA,,,,,,,
,,,,,,,,,,,,,,,,,,,,,,,,,,,,,,,,,
X,,X,,,,12/30,,,,,,,,,,,,OF,Dylan Crews,WSH,"760,000",TC,ARB 1,ARB 2,ARB 3,UFA,,,,,,,
X,,X,,,,12/30,D,F,A,,-,O,N,L,Y,,,OF,Michael Harris,ATL,"9,000,000","9,000,000","9,000,000","9,000,000","9,000,000","9,000,000","9,000,000",UFA,,,,,
X,,X,,,,12/30,,,,,,,,,,,,OF,Jack Suwinski,PIT,ARB 1,ARB 2,ARB 3,UFA,,,,,,,,,
X,,X,,,,12/30,,,,,,,,,,,,OF,Alek Thomas,ARI,ARB 1,ARB 2,ARB 3,UFA,,,,,,,,,
X,,X,,,,12/30,,,,,,,,,,,,OF,Denzel Clarke,OAK,"760,000",TC,ARB 1,ARB 2,ARB 3,UFA,,,,,,,
X,,X,,,,12/30,,,,,,,,,,,,OF,Dominic Canzone,SEA,"760,000",ARB 1,ARB 2,ARB 3,UFA,,,,,,,,
X,,X,,,,12/30,,,,,,,,,,,,OF,James Wood,WSH,"760,000",TC,ARB 1,ARB 2,ARB 3,UFA,,,,,,,
,,,,,,,,,,,,,,,,,,,,,,,,,,,,,,,,,
P I T C H E R S,,,,,,,,,,,,,,,,,,,,,,,,,,,,,,,,,
MLB,MiLB,40,IL,IL Length,IL Date,IL Return,Option Years Used,,,,Options Used,,,,,Optioned/DFA Date,Recall Eligible Date,POS,Name,Team,2026,2027,2028,2029,2030,2031,2032,2033,2034,2035,2036,2037,2038
X,,X,,,,12/30,,,,,,,,,,,,SP,Kyle Bradish,BAL,ARB 2,ARB 3,ARB 4,UFA,,,,,,,,,
X,,X,,,,12/30,D,F,A,,-,O,N,L,Y,,,SP,Shane Bieber,CLE,"9,843,750","19,687,500","19,687,500",UFA,,,,,,,,,
X,,X,,,,12/30,D,F,A,,-,O,N,L,Y,,,SP,Drew Rasmussen,TB,"5,750,000","8,000,000",UFA,,,,,,,,,,
X,,X,,,,12/30,,,,,,,,,,,,SP,Luis Garcia (SP),HOU,ARB 3,UFA,,,,,,,,,,,
X,,X,,,,12/30,D,F,A,,-,O,N,L,Y,,,SP,Lance McCullers,HOU,"8,500,000",UFA,,,,,,,,,,,
,,,,,,,,,,,,,,,,,,,,,,,,,,,,,,,,,
X,,X,,,,12/30,D,F,A,,-,O,N,L,Y,,,RP,Robert Stephenson,LAA,"11,000,000",UFA,,,,,,,,,,,
X,,X,,,,12/30,,,,,,,,,,,,RP,Sean Hjelle,SFG,"760,000",ARB 1,ARB 2,ARB 3,UFA,,,,,,,,
X,,X,,,,12/30,,,,,,,,,,,,RP,Sean Reid-Foley,NYM,ARB 2,ARB 3,UFA,,,,,,,,,,
X,,X,,,,12/30,D,F,A,,-,O,N,L,Y,,,RP,Jordan Leasure,CHW,"760,000",ARB 1,ARB 2,ARB 3,UFA,,,,,,,,
X,,X,,,,12/30,,,,,,,,,,,,RP,Anthony Veneziano,MIA,"760,000",TC,ARB 1,ARB 2,ARB 3,UFA,,,,,,,
,,,,,,,,,,,,,,,,,,,,,,,,,,,,,,,,,
M I N O R S,,,,,,,,,,,,,,,,,,,,,,,,,,,,,,,,,
MLB,MiLB,40,IL,IL Length,IL Date,IL Return,Option Years Used,,,,Options Used,,,,,,,POS,Name,Team,2026,2027,2028,2029,2030,2031,2032,2033,2034,2035,2036,2037,2038
,,,,,,,,,,,,,,,,,,,,,,,,,,,,,,,,,
,X,,,,,,,,,,,,,,,,,C,Ronald Hernandez,NYM,,,,,,,,,,,,,
,X,,,,,,,,,,,,,,,,,C,Caden Bodine,BAL,,,,,,,,,,,,,
,X,,,,,,,,,,,,,,,,,C,Corey Collins,NYM,,,,,,,,,,,,,
,,,,,,,,,,,,,,,,,,,,,,,,,,,,,,,,,
,X,,,,,,,,,,,,,,,,,2B,Luke Keaschall,MIN,,,,,,,,,,,,,
,x,,,,,,,,,,,,,,,,,2B,Cristofer Torin,ARI,,,,,,,,,,,,,
,,,,,,,,,,,,,,,,,,,,,,,,,,,,,,,,,
,X,,,,,,,,,,,,,,,,,3B,Jake Munroe,LAA,,,,,,,,,,,,,
,X,,,,,,,,,,,,,,,,,3B,Nacho Alvarez,ATL,,,,,,,,,,,,,
,,,,,,,,,,,,,,,,,,,,,,,,,,,,,,,,,
,X,,,,,,,,,,,,,,,,,SS,Gino Groover,ARI,,,,,,,,,,,,,
,X,,,,,,,,,,,,,,,,,SS,Yiddi Cappe,MIA,,,,,,,,,,,,,
,X,,,,,,,,,,,,,,,,,SS,Kyle DeBarge,MIN,,,,,,,,,,,,,
,X,,,,,,,,,,,,,,,,,SS,Denzer Guzman,LAA,,,,,,,,,,,,,
,X,,,,,,,,,,,,,,,,,SS,Brice Matthews,HOU,,,,,,,,,,,,,
,X,,,,,,,,,,,,,,,,,SS,Tate Southisene,ATL,,,,,,,,,,,,,
,X,,,,,,,,,,,,,,,,,SS,Tommy Troy,ARI,,,,,,,,,,,,,
,X,,,,,,,,,,,,,,,,,SS,Kaeden Kent,NYY,,,,,,,,,,,,,
,x,,,,,,,,,,,,,,,,,SS,Willy Vasquez,TB,,,,,,,,,,,,,
,X,,,,,,,,,,,,,,,,,SS,Kahlil Watson,CLE,,,,,,,,,,,,,
,X,,,,,,,,,,,,,,,,,SS,Nazzan Zanetello,BOS,,,,,,,,,,,,,
,X,,,,,,,,,,,,,,,,,SS,Juan Brito,CLE,,,,,,,,,,,,,
,,,,,,,,,,,,,,,,,,,,,,,,,,,,,,,,,
,X,,,,,,,,,,,,,,,,,OF,Kemp Alderman,MIA,,,,,,,,,,,,,
,X,,,,,,,,,,,,,,,,,OF,Colin Barber,HOU,,,,,,,,,,,,,
,X,,,,,,,,,,,,,,,,,OF,Jaison Chourio,CLE,,,,,,,,,,,,,
,,,,,,,,,,,,,,,,,,,,,,,,,,,,,,,,,
,X,,,,,,,,,,,,,,,,,OF,Dylan Dreiling,TEX,,,,,,,,,,,,,
,X,,,,,,,,,,,,,,,,,OF,Jud Fabian,BAL,,,,,,,,,,,,,
,X,,,,,,,,,,,,,,,,,OF,Cam Fisher,HOU,,,,,,,,,,,,,
,X,,,,,,,,,,,,,,,,,OF,Sean Gamble,KC,,,,,,,,,,,,,
,X,,,,,,,,,,,,,,,,,OF,Carson Roccaforte,KC,,,,,,,,,,,,,
,X,,,,,,,,,,,,,,,,,OF,Kavares Tears,SD,,,,,,,,,,,,,
,X,,,,,,,,,,,,,,,,,OF,Colby Thomas,OAK,,,,,,,,,,,,,
,,,,,,,,,,,,,,,,,,,,,,,,,,,,,,,,,
,X,,,,,,,,,,,,,,,,,RP,Steven Hajjar,CLE,,,,,,,,,,,,,
,X,,,,,,,,,,,,,,,,,SP,Michael Knorr,HOU,,,,,,,,,,,,,
,X,,,,,,,,,,,,,,,,,SP,Brock Selvidge,NYY,,,,,,,,,,,,,
,X,,,,,,,,,,,,,,,,,SP,Rhett Lowder,CIN,,,,,,,,,,,,,
,X,,,,,,,,,,,,,,,,,SP,Hurston Waldrep,ATL,,,,,,,,,,,,,
,X,,,,,,,,,,,,,,,,,SP,Dominic Fritton,TB,,,,,,,,,,,,,
,X,,,,,,,,,,,,,,,,,RP,Tyson Neighbors,SD,,,,,,,,,,,,,
,X,,,,,,,,,,,,,,,,,RP,Kyle Nicolas,PIT,,,,,,,,,,,,,
,X,,,,,,,,,,,,,,,,,SP,Lyon Richardson,CIN,,,,,,,,,,,,,
,X,,,,,,,,,,,,,,,,,SP,Brandon Sproat,NYM,,,,,,,,,,,,,
D E A D   M O N E Y,,,,,,,,,,,,,,,,,,,,,,,,,,,,,,,,,
,,,Traded,,,Released,,,Rule 5 Fee,,,Retirement,,,Option Buyout,,,POS,Name,Team,2026,2027,2028,2029,2030,2031,2032,2033,2034,2035,2036,2037,2038