SACRAMENTO RIVER CATS,,,,,,,,,,,,,,,,,,,,,,,,,,,,,,,,,
,,,,,,,,,,,,,,,,,,,,,,,,,,,,,,,,,
,,,,Owner,,,Luke,,,,MLB,,,27,,Tax Bill Paid,No,,League Year,,2026,2027,2028,2029,2030,2031,2032,2033,2034,2035,2036,2037,2038
,,,,Joined,,,2024,,,,40 Man,,,27,,Years Paid,,,Payroll,,"110,979,353","75,452,686","66,452,686","50,452,686","29,152,686","29,152,686","29,152,686","29,152,686",0,0,0,0,0
,,,,Franchise Record,,,68-47,,,,Minors,,,106,,Status,,,Dead Money,,0,0,0,0,0,0,0,0,0,0,0,0,0
,,,,Playoff Appearances,,,0,,,,Rotation,,,8,,Future Status,,,Total Payroll,,"110,979,353","75,452,686","66,452,686","50,452,686","29,152,686","29,152,686","29,152,686","29,152,686",0,0,0,0,0
,,,,NL Central Titles,,,0,,,,Injured List,,,0,,Extensions,2,,Luxury Tax Space,,"130,020,647","168,547,314","177,547,314","193,547,314","214,847,314","214,847,314","214,847,314","214,847,314","244,000,000","244,000,000","244,000,000","244,000,000","244,000,000"
,,,,NL Pennants,,,0,,,,60 Day IL,,,0,,Restructure,1,,Payroll % Active,,100.00%,100.00%,100.00%,100.00%,100.00%,100.00%,100.00%,100.00%,,,,,
,,,,World Series Championships,,,0,,,,,,,,,,,,Payroll % Inactive,,0.00%,0.00%,0.00%,0.00%,0.00%,0.00%,0.00%,0.00%,,,,,
MLB,MiLB,40,IL,IL Length,IL Date,IL Return,Option Years Used,,,,Options Used,,,,,Optioned/DFA Date,Recall Eligible Date,POS,Name,Team,2026,2027,2028,2029,2030,2031,2032,2033,2034,2035,2036,2037,2038
P O S I T I O N   P L A Y E R S,,,,,,,,,,,,,,,,,,,,,,,,,,,,,,,,,
,,,,,,,,,,,,,,,,,,,,,,,,,,,,,,,,,
X,,X,,,,12/30,,,,,,,,,,,,C,David Fry,CLE,ARB1,ARB2,ARB3,ARB4,UFA,,,,,,,,
X,,X,,,,12/30,,,,,,,,,,,,C,Liam Hicks,DET,"760,000",TC,ARB1,ARB2,ARB3,UFA,,,,,,,
,,,,,,,,,,,,,,,,,,,,,,,,,,,,,,,,,
X,,X,,,,12/30,D,F,A,,-,O,N,L,Y,,,1B,Rafael Devers,SFG,"29,152,686","29,152,686","29,152,686","29,152,686","29,152,686","29,152,686","29,152,686","29,152,686",UFA,,,,
,,,,,,,,,,,,,,,,,,,,,,,,,,,,,,,,,
X,,X,,,,12/30,D,F,A,,-,O,N,L,Y,,,2B,Gleyber Torres,DET,"21,300,000","21,300,000","21,300,000","21,300,000",UFA,,,,,,,,
X,,X,,,,12/30,25,,,,,,,,,,,2B,Vidal Brujan,CHC,ARB1,ARB2,ARB3,UFA,,,,,,,,,
,,,,,,,,,,,,,,,,,,,,,,,,,,,,,,,,,
X,,X,,,,12/30,,,,,,,,,,,,SS,Gunnar Henderson,BAL,ARB1,ARB2,ARB3,UFA,,,,,,,,,
X,,X,,,,12/30,,,,,,,,,,,,SS,Alex Freeland,LAD,"760,000",TC,ARB 1,ARB 2,ARB 3,UFA,,,,,,,
,,,,,,,,,,,,,,,,,,,,,,,,,,,,,,,,,
X,,X,,,,12/30,D,F,A,,-,O,N,L,Y,,,OF,Max Kepler,PHI,"18,500,000",UFA,,,,,,,,,,,
X,,X,,,,12/30,,,,,,,,,,,,OF,Josh Lowe,TB,ARB 1,ARB 2,ARB 3,UFA,,,,,,,,,
X,,X,,,,12/30,25,,,,,,,,,,,OF,MJ Melendez,KC,ARB 2,ARB 3,ARB 4,UFA,,,,,,,,,
X,,X,,,,12/30,24,25,,,,,,,,,,OF,Joey Wiemer,KC,ARB 1,ARB 2,ARB 3,UFA,,,,,,,,,
P I T C H E R S,,,,,,,,,,,,,,,,,,,,,,,,,,,,,,,,,
MLB,MiLB,40,IL,IL Length,IL Date,IL Return,Option Years Used,,,,Options Used,,,,,Optioned/DFA Date,Recall Eligible Date,POS,Name,Team,2026,2027,2028,2029,2030,2031,2032,2033,2034,2035,2036,2037,2038
,,,,,,,,,,,,,,,,,,,,,,,,,,,,,,,,,
X,,X,,,,12/30,25,,,,,,,,,,,SP,Jake Bloss,TOR,"760,000",ARB1,ARB2,ARB3,UFA,,,,,,,,
X,,X,,,,12/30,24,25,,,,,,,,,,SP,Alec Marsh,KC,"760,000",ARB1,ARB2,ARB3,UFA,,,,,,,,
X,,X,,,,12/30,,,,,,,,,,,,SP,Grayson Rodriguez,BAL,"760,000",ARB 1,ARB 2,ARB 3,UFA,,,,,,,,
X,,X,,,,12/30,25,,,,,,,,,,,SP,Chad Patrick,MIL,"760,000",ARB 1,ARB 2,ARB 3,UFA,,,,,,,,
X,,X,,,,12/30,,,,,,,,,,,,SP,Taj Bradley,TB,"760,000",ARB1,ARB2,ARB3,UFA,,,,,,,,
X,,X,,,,12/30,,,,,,,,,,,,SP,Roki Sasaki,LAD,"760,000",TC,ARB1,ARB2,ARB3,UFA,,,,,,,
X,,X,,,,12/30,,,,,,,,,,,,SP,Colton Gordon,HOU,"760,000",ARB1,ARB2,ARB3,UFA,,,,,,,,
X,,X,,,,12/30,D,F,A,,-,O,N,L,Y,,,SP,Yu Darvish,SD,"18,000,000","18,000,000","9,000,000",,,,,,,,,,
X,,X,,,,12/30,,,,,,,,,,,,SP,Sammy Natera Jr.,LAA,"760,000",ARB1,ARB2,ARB3,UFA,,,,,,,,
X,,X,,,,12/30,,,,,,,,,,,,SP,Tony Gonsolin,LAD,ARB 4,UFA,,,,,,,,,,,
,,,,,,,,,,,,,,,,,,,,,,,,,,,,,,,,,
X,,X,,,,12/30,,,,,,,,,,,,RP,Lucas Erceg,KC,"760,000",ARB1,ARB2,ARB3,UFA,,,,,,,,
X,,X,,,,12/30,D,F,A,,-,O,N,L,Y,,,RP,Angel Perdomo,ATL,"2,000,000","2,000,000","2,000,000",UFA,,,,,,,,,
X,,X,,,,12/30,D,F,A,,-,O,N,L,Y,,,RP,Joe Jimenez,ATL,"8,666,667",UFA,,,,,,,,,,,
X,,X,,,,12/30,24,,,,,,,,,,,RP,Eli Morgan,CLE,ARB 2,ARB 3,UFA,,,,,,,,,,
X,,X,,,,12/30,D,F,A,,-,O,N,L,Y,,,RP,Dedniel Nunez,NYM,"3,000,000","3,000,000","3,000,000",UFA,,,,,,,,,
X,,X,,,,12/30,D,F,A,,-,O,N,L,Y,,,RP,Tony Santillan,CIN,"2,000,000","2,000,000","2,000,000",UFA,,,,,,,,,
,,,,,,,,,,,,,,,,,,,,,,,,,,,,,,,,,
M I N O R S,,,,,,,,,,,,,,,,,,,,,,,,,,,,,,,,,
MLB,MiLB,40,IL,IL Length,IL Date,IL Return,Option Years Used,,,,Options Used,,,,,,,POS,Name,Team,2026,2027,2028,2029,2030,2031,2032,2033,2034,2035,2036,2037,2038
,X,,,,,,,,,,,,,,,,,C,Jhonny Level,SF,,,,,,,,,,,,,
,X,,,,,,,,,,,,,,,,,C,Dario Laverde,LAA,,,,,,,,,,,,,
,X,,,,,,,,,,,,,,,,,C,Jirvin Morillo,CIN,,,,,,,,,,,,,
,X,,,,,,,,,,,,,,,,,C,Easton Carmichael,PIT,,,,,,,,,,,,,
,X,,,,,,,,,,,,,,,,,C,Edgleen Perez,NYY,,,,,,,,,,,,,
,X,,,,,,,,,,,,,,,,,C,Jhocsuanth Vargas,TEX,,,,,,,,,,,,,
,X,,,,,,,,,,,,,,,,,C,Eduardo Quintero,LAD,,,,,,,,,,,,,
,,,,,,,,,,,,,,,,,,,,,,,,,,,,,,,,,
,X,,,,,,,,,,,,,,,,,1B,Guillermo Williamson,SF,,,,,,,,,,,,,
,,,,,,,,,,,,,,,,,,,,,,,,,,,,,,,,,
,X,,,,,,,,,,,,,,,,,2B,Dameury Pena,MIN,,,,,,,,,,,,,
,X,,,,,,,,,,,,,,,,,2B,Brock Rodden,SEA,,,,,,,,,,,,,
,,,,,,,,,,,,,,,,,,,,,,,,,,,,,,,,,
,X,,,,,,,,,,,,,,,,,3B,Luke Adams,MIL,,,,,,,,,,,,,
,X,,,,,,,,,,,,,,,,,3B,Carson DeMartini,PHI,,,,,,,,,,,,,
,X,,,,,,,,,,,,,,,,,3B,Aroon Escobar,PHI,,,,,,,,,,,,,
,X,,,,,,,,,,,,,,,,,3B,Eddie Rynders,PIT,,,,,,,,,,,,,
,X,,,,,,,,,,,,,,,,,3B,Chase Harlan,LAD,,,,,,,,,,,,,
,X,,,,,,,,,,,,,,,,,3B,Richard Matic,NYY,,,,,,,,,,,,,
,X,,,,,,,,,,,,,,,,,3B,Tommy White,OAK,,,,,,,,,,,,,
,X,,,,,,,,,,,,,,,,,3B,Yassel Soler,ARI,,,,,,,,,,,,,
,X,,,,,,,,,,,,,,,,,3B,Brock Wilken,MIL,,,,,,,,,,,,,
,,,,,,,,,,,,,,,,,,,,,,,,,,,,,,,,,
,X,,,,,,,,,,,,,,,,,SS,Luiyin Alastre,MIL,,,,,,,,,,,,,
,X,,,,,,,,,,,,,,,,,SS,Jesus Baez,NYM,,,,,,,,,,,,,
,X,,,,,,,,,,,,,,,,,SS,Juan Baez,MIL,,,,,,,,,,,,,
,X,,,,,,,,,,,,,,,,,SS,Cobb Hightower,SD,,,,,,,,,,,,,
,X,,,,,,,,,,,,,,,,,SS,Alfredo Benzan,ARI,,,,,,,,,,,,,
,X,,,,,,,,,,,,,,,,,SS,Carlos Carrasquel,BOS,,,,,,,,,,,,,
,X,,,,,,,,,,,,,,,,,SS,Leodalis De Vries,SD,,,,,,,,,,,,,
,X,,,,,,,,,,,,,,,,,SS,Filippo Di Turi,MIL,,,,,,,,,,,,,
,X,,,,,,,,,,,,,,,,,SS,Aneudi Escanio,TOR,,,,,,,,,,,,,
,X,,,,,,,,,,,,,,,,,SS,Elvin Garcia,BAL,,,,,,,,,,,,,
,X,,,,,,,,,,,,,,,,,SS,Bryan Gonzalez,LAD,,,,,,,,,,,,,
,X,,,,,,,,,,,,,,,,,SS,Alberto Hernandez,HOU,,,,,,,,,,,,,
,X,,,,,,,,,,,,,,,,,SS,Chase Jaworsky,HOU,,,,,,,,,,,,,
,X,,,,,,,,,,,,,,,,,SS,Carter Johnson,MIA,,,,,,,,,,,,,
,X,,,,,,,,,,,,,,,,,SS,Naibel Mariano,CIN,,,,,,,,,,,,,
,X,,,,,,,,,,,,,,,,,SS,Yahil Melendez,CHC,,,,,,,,,,,,,
,X,,,,,,,,,,,,,,,,,SS,Felix Morrobel,LAA,,,,,,,,,,,,,
,X,,,,,,,,,,,,,,,,,SS,Brady Ebel,MIL,,,,,,,,,,,,,
,X,,,,,,,,,,,,,,,,,SS,Tim Piasentin,TOR,,,,,,,,,,,,,
,X,,,,,,,,,,,,,,,,,SS,Yairo Padilla,STL,,,,,,,,,,,,,
,X,,,,,,,,,,,,,,,,,SS,Luis Pena,MIL,,,,,,,,,,,,,
,X,,,,,,,,,,,,,,,,,SS,Dexters Peralta,NYY,,,,,,,,,,,,,
,X,,,,,,,,,,,,,,,,,SS,Yandel Ricardo,KC,,,,,,,,,,,,,
,X,,,,,,,,,,,,,,,,,SS,Gabriel Rodriguez,CLE,,,,,,,,,,,,,
,X,,,,,,,,,,,,,,,,,SS,Jefferson Rojas,CHC,,,,,,,,,,,,,
,X,,,,,,,,,,,,,,,,,SS,Carson Rucker,DET,,,,,,,,,,,,,
,X,,,,,,,,,,,,,,,,,SS,Joendry Vargas,LAD,,,,,,,,,,,,,
,,,,,,,,,,,,,,,,,,,,,,,,,,,,,,,,,
,X,,,,,,,,,,,,,,,,,OF,Cristian Arguelles,COL,,,,,,,,,,,,,
,X,,,,,,,,,,,,,,,,,OF,Andres Arias,TOR,,,,,,,,,,,,,
,X,,,,,,,,,,,,,,,,,OF,Robert Arias,CLE,,,,,,,,,,,,,
,X,,,,,,,,,,,,,,,,,OF,Scott Bandura,SF,,,,,,,,,,,,,
,X,,,,,,,,,,,,,,,,,OF,Dylan Campbell,LAD,,,,,,,,,,,,,
,X,,,,,,,,,,,,,,,,,OF,Jaron Elkins,LAD,,,,,,,,,,,,,
,X,,,,,,,,,,,,,,,,,OF,Hayden Alvarez,LAA,,,,,,,,,,,,,
,X,,,,,,,,,,,,,,,,,OF,Nate George,BAL,,,,,,,,,,,,,
,X,,,,,,,,,,,,,,,,,OF,Brendan Tunink,LAD,,,,,,,,,,,,,
,X,,,,,,,,,,,,,,,,,OF,Angel Guzman,SF,,,,,,,,,,,,,
,X,,,,,,,,,,,,,,,,,OF,Anthony Huezo,HOU,,,,,,,,,,,,,
,X,,,,,,,,,,,,,,,,,OF,Gabriel Lara,NYY,,,,,,,,,,,,,
,X,,,,,,,,,,,,,,,,,OF,Yerlin Luis,CLE,,,,,,,,,,,,,
,X,,,,,,,,,,,,,,,,,OF,Max Williams,MIA,,,,,,,,,,,,,
,X,,,,,,,,,,,,,,,,,OF,Nehomar Ochoa,HOU,,,,,,,,,,,,,
,X,,,,,,,,,,,,,,,,,OF,Yeiker Reyes,COL,,,,,,,,,,,,,
,X,,,,,,,,,,,,,,,,,OF,Anthony Scull,LAA,,,,,,,,,,,,,
,X,,,,,,,,,,,,,,,,,OF,Gian Zapata,ARI,,,,,,,,,,,,,
,,,,,,,,,,,,,,,,,,,,,,,,,,,,,,,,,
,X,,,,,,,,,,,,,,,,,SP,Alexander Almonte,NYY,,,,,,,,,,,,,
,X,,,,,,,,,,,,,,,,,SP,Adrian Bohorquez,MIN,,,,,,,,,,,,,
,X,,,,,,,,,,,,,,,,,SP,Jacob Bresnahan,SF,,,,,,,,,,,,,
,X,,,,,,,,,,,,,,,,,SP,Jean Cabrera,PHI,,,,,,,,,,,,,
,X,,,,,,,,,,,,,,,,,SP,Irv Carter,TOR,,,,,,,,,,,,,
,X,,,,,,,,,,,,,,,,,SP,Argenis Cayama,SF,,,,,,,,,,,,,
,X,,,,,,,,,,,,,,,,,SP,Humberto Cruz,SD,,,,,,,,,,,,,
,X,,,,,,,,,,,,,,,,,SP,Will Hynes,CLE,,,,,,,,,,,,,
,X,,,,,,,,,,,,,,,,,SP,A.J. Russell,TEX,,,,,,,,,,,,,
,X,,,,,,,,,,,,,,,,,SP,Alexis De La Cruz,PHI,,,,,,,,,,,,,
,X,,,,,,,,,,,,,,,,,SP,Dioris De La Rosa,LAA,,,,,,,,,,,,,
,X,,,,,,,,,,,,,,,,,SP,Gary Gill Hill,TB,,,,,,,,,,,,,
,X,,,,,,,,,,,,,,,,,SP,Brock Moore,SEA,,,,,,,,,,,,,
,X,,,,,,,,,,,,,,,,,SP,Kyle Robinson,OAK,,,,,,,,,,,,,
,X,,,,,,,,,,,,,,,,,SP,Ben Jacobs,DET,,,,,,,,,,,,,
,X,,,,,,,,,,,,,,,,,SP,Kyle DeGroat,KC,,,,,,,,,,,,,
,X,,,,,,,,,,,,,,,,,SP,Michael Kennedy,PIT,,,,,,,,,,,,,
,X,,,,,,,,,,,,,,,,,SP,Barrett Kent,LAA,,,,,,,,,,,,,
,X,,,,,,,,,,,,,,,,,SP,Josh Knoth,MIL,,,,,,,,,,,,,
,X,,,,,,,,,,,,,,,,,SP,Tate Kuehner,MIL,,,,,,,,,,,,,
,X,,,,,,,,,,,,,,,,,SP,Jacob Steinmetz,ARI,,,,,,,,,,,,,
,X,,,,,,,,,,,,,,,,,SP,Bishop Letson,MIL,,,,,,,,,,,,,
,X,,,,,,,,,,,,,,,,,SP,Landen Maroudis,TOR,,,,,,,,,,,,,
,X,,,,,,,,,,,,,,,,,SP,Sabier Marte,NYY,,,,,,,,,,,,,
,X,,,,,,,,,,,,,,,,,SP,Sandy Mejia,HOU,,,,,,,,,,,,,
,X,,,,,,,,,,,,,,,,,SP,Yordanny Monegro,BOS,,,,,,,,,,,,,
,X,,,,,,,,,,,,,,,,,SP,Jose Montero,CIN,,,,,,,,,,,,,
,X,,,,,,,,,,,,,,,,,SP,Jose Paulino,MIA,,,,,,,,,,,,,
,X,,,,,,,,,,,,,,,,,SP,Nolan Perry,TOR,,,,,,,,,,,,,
,X,,,,,,,,,,,,,,,,,SP,Dylan Questad,MIN,,,,,,,,,,,,,
,X,,,,,,,,,,,,,,,,,SP,J.R. Ritchie,ATL,,,,,,,,,,,,,
,X,,,,,,,,,,,,,,,,,SP,Yoel Roque,MIN,,,,,,,,,,,,,
,X,,,,,,,,,,,,,,,,,SP,Will Rudy,MIL,,,,,,,,,,,,,
,X,,,,,,,,,,,,,,,,,SP,Gregory Sanchez,COL,,,,,,,,,,,,,
,X,,,,,,,,,,,,,,,,,SP,Ubaldo Soto,LAA,,,,,,,,,,,,,
,X,,,,,,,,,,,,,,,,,SP,Santiago Suarez,TB,,,,,,,,,,,,,
,X,,,,,,,,,,,,,,,,,SP,Izack Tiger,TEX,,,,,,,,,,,,,
,X,,,,,,,,,,,,,,,,,SP,Tyler Woessner,MIL,,,,,,,,,,,,,
,X,,,,,,,,,,,,,,,,,SP,Hiro Wyatt,KC,,,,,,,,,,,,,
,X,,,,,,,,,,,,,,,,,SP,Ricardo Yan,ARI,,,,,,,,,,,,,
,X,,,,,,,,,,,,,,,,,SP,Steven Zobac,KC,,,,,,,,,,,,,
,X,,,,,,,,,,,,,,,,,RP,Braden Nett,SD,,,,,,,,,,,,,
D E A D   M O N E Y,,,,,,,,,,,,,,,,,,,,,,,,,,,,,,,,,
,,,Traded,,,Released,,,Rule 5 Fee,,,Retirement,,,Option Buyout,,,POS,Name,Team,2026,2027,2028,2029,2030,2031,2032,2033,2034,2035,2036,2037,2038
,,,TO RR,,,,,,,,,,,,,,,,,,,,,,,,,,,,,,
,,,,,,,,,,,,,,,,,,,,,,,,,,,,,,,,,
,,,To RR,,,,,,,,,,,,,,,,,,,,,,,,,,,,,,
,,,To RENO,,,,,,,,,,,,,,,,,,,,,,,,,,,,,,