BUFFALO BISONS,,,,,,,,,,,,,,,,,,,,,,,,,,,,,,,,,
,,,,,,,,,,,,,,,,,,,,,,,,,,,,,,,,,
,,,,Owner,,,Keith,,,,MLB,,,21,,Tax Bill Paid,No,,League Year,,2026,2027,2028,2029,2030,2031,2032,2033,2034,2035,2036,2037,2038
,,,,Joined,,,2024,,,,40 Man,,,21,,Years Paid,,,Payroll,,"81,260,000","67,400,000","67,400,000","67,400,000",0,0,0,0,0,0,0,0,0
,,,,Franchise Record,,,46-69,,,,Minors,,,84,,Status,,,Dead Money,,"23,500,000","750,000.00","750,000.00",0,0,0,0,0,0,0,0,0,0
,,,,Playoff Appearances,,,0,,,,Rotation,,,5,,Future Status,,,Total Payroll,,"104,760,000","68,150,000","68,150,000","67,400,000",0,0,0,0,0,0,0,0,0
,,,,NL East Titles,,,0,,,,Injured List,,,0,,Extensions,2,,Luxury Tax Space,,"136,240,000","175,850,000","175,850,000","176,600,000","244,000,000","244,000,000","244,000,000","244,000,000","244,000,000","244,000,000","244,000,000","244,000,000","244,000,000"
,,,,NL Pennants,,,0,,,,60 Day IL,,,0,,Restructure,1,,Payroll % Active,,77.57%,98.90%,98.90%,100.00%,,,,,,,,,
,,,,World Series Championships,,,0,,,,,,,,,,,,Payroll % Inactive,,22.43%,1.10%,1.10%,0.00%,,,,,,,,,
MLB,MiLB,40,IL,IL Length,IL Date,IL Return,Option Years Used,,,,Options Used,,,,,Optioned/DFA Date,Recall Eligible Date,POS,Name,Team,2026,2027,2028,2029,2030,2031,2032,2033,2034,2035,2036,2037,2038
P O S I T I O N   P L A Y E R S,,,,,,,,,,,,,,,,,,,,,,,,,,,,,,,,,
X,,X,,,,12/30,,,,,,,,,,,,C,Dalton Rushing,LAD,"760,000",TC,ARB 1,ARB 2,ARB 3,UFA,,,,,,,
,,,,,,,,,,,,,,,,,,,,,,,,,,,,,,,,,
,,,,,,,,,,,,,,,,,,,,,,,,,,,,,,,,,
,,,,,,,,,,,,,,,,,,,,,,,,,,,,,,,,,
X,,X,,,,12/30,,,,,,,,,,,,2B,Jonathan India,KC,ARB 3,UFA,,,,,,,,,,,
X,,X,,,,12/30,24,25,,,,,,,,,,2B,Davis Schneider,TOR,ARB 1,ARB 2,ARB 3,UFA,,,,,,,,,
,,,,,,,,,,,,,,,,,,,,,,,,,,,,,,,,,
X,,X,,,,12/30,,,,,,,,,,,,SS,Tyler Freeman,CLE,ARB 1,ARB 2,ARB 3,UFA,,,,,,,,,
X,,X,,,,12/30,,,,,,,,,,,,SS,Joey Ortiz,MIL,"760,000",ARB1,ARB2,ARB3,UFA,,,,,,,,
,,,,,,,,,,,,,,,,,,,,,,,,,,,,,,,,,
X,,X,,,,12/30,,,,,,,,,,,,OF,Jurickson Profar,ATL,"12,500,000","12,500,000","12,500,000","12,500,000",UFA,,,,,,,,
X,,X,,,,12/30,25,,,,,,,,,,,UT,Darell Hernaiz,OAK,"760,000",TC,ARB 1,ARB 2,ARB 3,UFA,,,,,,,
X,,X,,,,12/30,25,,,,,,,,,,,OF,Angel Martinez,CLE,"760,000",ARB 1,ARB 2,ARB 3,UFA,,,,,,,,
X,,X,,,,12/30,25,,,,,,,,,,,OF,Esteury Ruiz,OAK,ARB 1,ARB 2,ARB 3,UFA,,,,,,,,,
X,,X,,,,12/30,,,,,,,,,,,,OF,Evan Carter,TEX,"760,000",ARB 1,ARB 2,ARB 3,UFA,,,,,,,,
X,,X,,,,12/30,D,F,A,,-,O,N,L,Y,,,OF,Anthony Santander,TOR,"42,000,000","42,000,000","42,000,000","42,000,000",UFA,,,,,,,,
X,,X,,,,12/30,25,,,,,,,,,4/14,,OF,Nolan Jones,COL,ARB 1,ARB 2,ARB 3,UFA,,,,,,,,,
,,,,,,,,,,,,,,,,,,,,,,,,,,,,,,,,,
P I T C H E R S,,,,,,,,,,,,,,,,,,,,,,,,,,,,,,,,,
MLB,MiLB,40,IL,IL Length,IL Date,IL Return,Option Years Used,,,,Options Used,,,,,Optioned/DFA Date,Recall Eligible Date,POS,Name,Team,2026,2027,2028,2029,2030,2031,2032,2033,2034,2035,2036,2037,2038
,,,,,,,,,,,,,,,,,,,,,,,,,,,,,,,,,
X,,X,,,,12/30,,,,,,,,,,,,SP,Eury Perez,MIA,"760,000",ARB 1,ARB 2,ARB 3,UFA,,,,,,,,
X,,X,,,,12/30,24,25,,,,,,,,,,SP,Yilber Diaz,ARI,"760,000",ARB1,ARB2,ARB3,UFA,,,,,,,,
X,,X,,,,12/30,D,F,A,,-,O,N,L,Y,,,SP,Michael Lorenzen,KC,"5,500,000",UFA,,,,,,,,,,,
X,,X,,,,12/30,,,,,,,,,,,,SP,Jacob Lopez,ATH,"760,000",TC,ARB1,ARB2,ARB3,UFA,,,,,,,
X,,X,,,,12/30,,,,,,,,,,,,SP,Matthew Liberatore,STL,"760,000",ARB1,ARB2,ARB3,UFA,,,,,,,,
,,,,,,,,,,,,,,,,,,,,,,,,,,,,,,,,,
X,,X,,,,12/30,,,,,,,,,,,,RP,Camilo Doval,SF,ARB 2,ARB 3,UFA,,,,,,,,,,
X,,X,,,,12/30,,,,,,,,,,,,RP,Abner Uribe,MIL,"760,000",TC,ARB1,ARB2,ARB3,UFA,,,,,,,
X,,X,,,,12/30,,,,,,,,,,,,RP,Louie Varland,MIN,"760,000",TC,ARB1,ARB2,ARB3,UFA,,,,,,,
X,,X,,,,12/30,,,,,,,,,,,,RP,Devin Williams,NYY,"12,900,000","12,900,000","12,900,000","12,900,000",UFA,,,,,,,,
,,,,,,,,,,,,,,,,,,,,,,,,,,,,,,,,,
M I N O R S,,,,,,,,,,,,,,,,,,,,,,,,,,,,,,,,,
MLB,MiLB,40,IL,IL Length,IL Date,IL Return,Option Years Used,,,,Options Used,,,,,,,POS,Name,Team,2026,2027,2028,2029,2030,2031,2032,2033,2034,2035,2036,2037,2038
,,,,,,,,,,,,,,,,,,,,,,,,,,,,,,,,,
,X,,,,,,,,,,,,,,,,,C,Pedro Dalmagro,CLE,,,,,,,,,,,,,
,X,,,,,,,,,,,,,,,,,C,Carlos Benavides,DET,,,,,,,,,,,,,
,X,,,,,,,,,,,,,,,,,C,Haydn McGeary,CHC,,,,,,,,,,,,,
,X,,,,,,,,,,,,,,,,,C,Ramon Ramirez,KC,,,,,,,,,,,,,
,,,,,,,,,,,,,,,,,,,,,,,,,,,,,,,,,
,X,,,,,,,,,,,,,,,,,1B,Bryant Betancourt,COL,,,,,,,,,,,,,
,X,,,,,,,,,,,,,,,,,1B,Xavier Isaac,TB,,,,,,,,,,,,,
,X,,,,,,,,,,,,,,,,,1B,Jonathan Santucci,NYM,,,,,,,,,,,,,
,X,,,,,,,,,,,,,,,,,1B,Payton Tolle,BOS,,,,,,,,,,,,,
,,,,,,,,,,,,,,,,,,,,,,,,,,,,,,,,,
,X,,,,,,,,,,,,,,,,,2B,Alex De Jesus,TOR,,,,,,,,,,,,,
,X,,,,,,,,,,,,,,,,,2B,Gabriel Terrero,NYY,,,,,,,,,,,,,
,X,,,,,,,,,,,,,,,,,2B,Caleb Durbin,MIL,,,,,,,,,,,,,
,,,,,,,,,,,,,,,,,,,,,,,,,,,,,,,,,
,X,,,,,,,,,,,,,,,,,3B,Rainer Nunez,TOR,,,,,,,,,,,,,
,,,,,,,,,,,,,,,,,,,,,,,,,,,,,,,,,
,X,,,,,,,,,,,,,,,,,SS,Gregory Barrios,MIL/TB,,,,,,,,,,,,,
,X,,,,,,,,,,,,,,,,,SS,Yoeilin Cespedes,BOS,,,,,,,,,,,,,
,X,,,,,,,,,,,,,,,,,SS,Hendry Chivilli,MIN,,,,,,,,,,,,,
,X,,,,,,,,,,,,,,,,,SS,Danny De Andrade,MIN,,,,,,,,,,,,,
,X,,,,,,,,,,,,,,,,,SS,Abdias De La Cruz,ARI,,,,,,,,,,,,,
,X,,,,,,,,,,,,,,,,,SS,Freili Encarnacion,BOS,,,,,,,,,,,,,
,X,,,,,,,,,,,,,,,,,SS,Ludwing Espinoza,CHC,,,,,,,,,,,,,
,X,,,,,,,,,,,,,,,,,SS,JJ Wetherholt,STL,,,,,,,,,,,,,
,X,,,,,,,,,,,,,,,,,SS,Andrew Salas,MIA,,,,,,,,,,,,,
,X,,,,,,,,,,,,,,,,,SS,Eduardo Garcia,MIL,,,,,,,,,,,,,
,X,,,,,,,,,,,,,,,,,SS,Ronald Ramirez,DET,,,,,,,,,,,,,
,X,,,,,,,,,,,,,,,,,SS,Marco Luciano,SF,,,,,,,,,,,,,
,X,,,,,,,,,,,,,,,,,SS,Eli Willits,WAS,,,,,,,,,,,,,
,X,,,,,,,,,,,,,,,,,SS,Tyson Lewis,CIN,,,,,,,,,,,,,
,X,,,,,,,,,,,,,,,,,SS,Emil Morales,LAD,,,,,,,,,,,,,
,X,,,,,,,,,,,,,,,,,SS,Yilver De Paula,LAA,,,,,,,,,,,,,
,X,,,,,,,,,,,,,,,,,SS,Daniel Vazquez,KC,,,,,,,,,,,,,
,X,,,,,,,,,,,,,,,,,SS,Anthony Abreu,MIA,,,,,,,,,,,,,
,X,,,,,,,,,,,,,,,,,SS,Yulian Barreto,SFG,,,,,,,,,,,,,
,X,,,,,,,,,,,,,,,,,SS,Rosman Verdugo,SD,,,,,,,,,,,,,
,,,,,,,,,,,,,,,,,,,,,,,,,,,,,,,,,
,X,,,,,,,,,,,,,,,,,OF,Luis Ramon King,KCR,,,,,,,,,,,,,
,X,,,,,,,,,,,,,,,,,OF,Griffin Burkholder,PHI,,,,,,,,,,,,,
,X,,,,,,,,,,,,,,,,,OF,Won-Bin Cho,STL,,,,,,,,,,,,,
,X,,,,,,,,,,,,,,,,,OF,Darling Fernandez,OAK,,,,,,,,,,,,,
,X,,,,,,,,,,,,,,,,,OF,Brando Mayea,NYY,,,,,,,,,,,,,
,X,,,,,,,,,,,,,,,,,OF,Sam Petersen,WSH,,,,,,,,,,,,,
,X,,,,,,,,,,,,,,,,,OF,Elian De La Cruz,ARI,,,,,,,,,,,,,
,X,,,,,,,,,,,,,,,,,OF,Josh Hammond,KC,,,,,,,,,,,,,
,X,,,,,,,,,,,,,,,,,OF,Jackson Strong,DET,,,,,,,,,,,,,
,X,,,,,,,,,,,,,,,,,OF,Mike Sirota,LAD,,,,,,,,,,,,,
,X,,,,,,,,,,,,,,,,,OF,Raymond Mola,PIT,,,,,,,,,,,,,
,X,,,,,,,,,,,,,,,,,OF,Dakota Jordan,SF,,,,,,,,,,,,,
,X,,,,,,,,,,,,,,,,,OF,Cristian Perez,DET,,,,,,,,,,,,,
,X,,,,,,,,,,,,,,,,,OF,Yonathan Perlaza,SD,,,,,,,,,,,,,
,X,,,,,,,,,,,,,,,,,OF,Jorge Ruiz,LAA,,,,,,,,,,,,,
,X,,,,,,,,,,,,,,,,,OF,Kala'i Rosario,MIN,,,,,,,,,,,,,
,X,,,,,,,,,,,,,,,,,OF,Wandi Feliz,COL,,,,,,,,,,,,,
,X,,,,,,,,,,,,,,,,,OF,Ronny Suarez,ARI,,,,,,,,,,,,,
,,,,,,,,,,,,,,,,,,,,,,,,,,,,,,,,,
,X,,,,,,,,,,,,,,,,,SP,Ben Kudrna,KC,,,,,,,,,,,,,
,X,,,,,,,,,,,,,,,,,SP,Brian Turburcio,COL,,,,,,,,,,,,,
,X,,,,,,,,,,,,,,,,,SP,Geremy Villorio,PHI,,,,,,,,,,,,,
,X,,,,,,,,,,,,,,,,,SP,Alexander Cornielle,MIL,,,,,,,,,,,,,
,X,,,,,,,,,,,,,,,,,SP,Gilberto Batista,BOS,,,,,,,,,,,,,
,X,,,,,,,,,,,,,,,,,SP,Joey Cantillo,CLE,,,,,,,,,,,,,
,X,,,,,,,,,,,,,,,,,SP,Matt Barr,MIN,,,,,,,,,,,,,
,X,,,,,,,,,,,,,,,,,SP,Anderson Diaz,DET,,,,,,,,,,,,,
,X,,,,,,,,,,,,,,,,,SP,Travis Smith,MIL,,,,,,,,,,,,,
,X,,,,,,,,,,,,,,,,,SP,Walter Ford,SEA,,,,,,,,,,,,,
,X,,,,,,,,,,,,,,,,,SP,Didier Fuentes,ATL,,,,,,,,,,,,,
,X,,,,,,,,,,,,,,,,,SP,Caden Grice,ARI,,,,,,,,,,,,,
,X,,,,,,,,,,,,,,,,,SP,Hagen Smith,CHW,,,,,,,,,,,,,
,X,,,,,,,,,,,,,,,,,SP,Patrick Galle,BOS,,,,,,,,,,,,,
,X,,,,,,,,,,,,,,,,,SP,Paul Wilson,DET,,,,,,,,,,,,,
,X,,,,,,,,,,,,,,,,,SP,Marwys Jorge,KC,,,,,,,,,,,,,
,X,,,,,,,,,,,,,,,,,SP,Cory Lewis,MIN,,,,,,,,,,,,,
,X,,,,,,,,,,,,,,,,,SP,Landon Beidelschies,ATL,,,,,,,,,,,,,
,X,,,,,,,,,,,,,,,,,SP,Accimias Morales,LAD,,,,,,,,,,,,,
,X,,,,,,,,,,,,,,,,,SP,Roddery Munoz,MIA,,,,,,,,,,,,,
,X,,,,,,,,,,,,,,,,,SP,Peyton Pallette,CHW,,,,,,,,,,,,,
,X,,,,,,,,,,,,,,,,,SP,Cole Gilley,PHI,,,,,,,,,,,,,
,X,,,,,,,,,,,,,,,,,SP,Luis Reyes,CHW,,,,,,,,,,,,,
,X,,,,,,,,,,,,,,,,,SP,Reiver Camacho,COL,,,,,,,,,,,,,
,X,,,,,,,,,,,,,,,,,SP,Keiverson Ramirez,STL,,,,,,,,,,,,,
,X,,,,,,,,,,,,,,,,,SP,Josh Stephan,TEX,,,,,,,,,,,,,
,X,,,,,,,,,,,,,,,,,SP,Sean Sullivan,PIT,,,,,,,,,,,,,
,X,,,,,,,,,,,,,,,,,SP,Blake Walston,ARI,,,,,,,,,,,,,
,X,,,,,,,,,,,,,,,,,SP,Brandon Williamson,CIN,,,,,,,,,,,,,
,X,,,,,,,,,,,,,,,,,SP,Eddy Yean,PIT,,,,,,,,,,,,,
,,,,,,,,,,,,,,,,,,,,,,,,,,,,,,,,,
,X,,,,,,,,,,,,,,,,,RP,Steven Cruz,KC,,,,,,,,,,,,,
,X,,,,,,,,,,,,,,,,,RP,Zack Showalter,STL,,,,,,,,,,,,,
,X,,,,,,,,,,,,,,,,,RP,Greysen Carter,NYY,,,,,,,,,,,,,
,X,,,,,,,,,,,,,,,,,RP,Dalton Rogers,BOS,,,,,,,,,,,,,
,,,,,,,,,,,,,,,,,,,,,,,,,,,,,,,,,
D E A D   M O N E Y,,,,,,,,,,,,,,,,,,,,,,,,,,,,,,,,,
,,,Traded,,,Released,,,Rule 5 Fee,,,Retirement,,,Option Buyout,,,POS,Name,Team,2026,2027,2028,2029,2030,2031,2032,2033,2034,2035,2036,2037,2038
,,,,,,,,,,,,,,,,,,SP,Wade Miley,,"2,125,000",,,,,,,,,,,,
,,,,,,,,,,,,,,,,,,RP,Jesus Tinoco,MIA,"750,000","750,000","750,000",,,,,,,,,,
,,,,,,Oct. 2025,,,,,,,,,,,,SP,Ben Lively,CLE,"7,875,000",,,,,,,,,,,,
,,,,,,,,,,,,,,,,,,1B,Rhys Hoskins,MIL,"12,750,000",,,,,,,,,,,,