NASHVILLE SOUNDS,,,,,,,,,,,,,,,,,,,,,,,,,,,,,,,,,
,,,,,,,,,,,,,,,,,,,,,,,,,,,,,,,,,
,,,,Owner,,,Brad,,,,MLB,,,25,,Tax Bill Paid,No,,League Year,,2026,2027,2028,2029,2030,2031,2032,2033,2034,2035,2036,2037,2038
,,,,Joined,,,2025,,,,40 Man,,,25,,Years Paid,,,Payroll,,"51,098,333","44,258,333","44,258,333","35,333,333","28,333,333","28,333,333","28,333,333",0,0,0,0,0,0
,,,,Franchise Record,,,0-0,,,,Minors,,,72,,Status,,,Dead Money,,"400,000",0,0,0,0,0,0,0,0,0,0,0,0
,,,,Playoff Appearances,,,0,,,,Rotation,,,4,,Future Status,,,Total Payroll,,"51,498,333","44,258,333","44,258,333","35,333,333","28,333,333","28,333,333","28,333,333",0,0,0,0,0,0
,,,,NL Central Titles,,,0,,,,Injured List,,,0,,Extensions,2,,Luxury Tax Space,,"189,501,667","199,741,667","199,741,667","208,666,667","215,666,667","215,666,667","215,666,667","244,000,000","244,000,000","244,000,000","244,000,000","244,000,000","244,000,000"
,,,,NL Pennants,,,0,,,,60 Day IL,,,0,,Restructure,1,,Payroll % Active,,99.22%,100.00%,100.00%,100.00%,100.00%,100.00%,100.00%,,,,,,
,,,,World Series Championships,,,0,,,,,,,,,,,,Payroll % Inactive,,0.78%,0.00%,0.00%,0.00%,0.00%,0.00%,0.00%,,,,,,
MLB,MiLB,40,IL,IL Length,IL Date,IL Return,Option Years Used,,,,Options Used,,,,,Optioned/DFA Date,Recall Eligible Date,POS,Name,Team,2026,2027,2028,2029,2030,2031,2032,2033,2034,2035,2036,2037,2038
P O S I T I O N   P L A Y E R S,,,,,,,,,,,,,,,,,,,,,,,,,,,,,,,,,
,,,,,,,,,,,,,,,,,,,,,,,,,,,,,,,,,
X,,X,,,,12/30,25,,,,,,,,,,,C,Henry Davis,PIT,"760,000",ARB 1,ARB 2,ARB 3,UFA,,,,,,,,
X,,X,,,,12/30,25,,,,,,,,,,,C,Riley Adams,WSH,ARB 2,ARB 3,UFA,,,,,,,,,,
X,,X,,,,12/30,25,,,,,,,,,,,C,Sam Huff,SFG,ARB 1,ARB 2,ARB 3,ARB 4,UFA,,,,,,,,
X,,X,,,,12/30,,,,,,,,,,,,C,Joey Bart,SFG,ARB 2,ARB 3,UFA,,,,,,,,,,
,,,,,,,,,,,,,,,,,,,,,,,,,,,,,,,,,
X,,X,,,,12/30,,,,,,,,,,,,1B,Jonathan Aranda,TB,"760,000",ARB 1,ARB 2,ARB 3,UFA,,,,,,,,
,,,,,,,,,,,,,,,,,,,,,,,,,,,,,,,,,
X,,X,,,,12/30,,,,,,,,,,,,2B,Luis Rengifo,LAA,"8,925,000","8,925,000","8,925,000",UFA,,,,,,,,,
,,,,,,,,,,,,,,,,,,,,,,,,,,,,,,,,,
X,,X,,,,12/30,,,,,,,,,,,,SS,Taylor Walls,TB,ARB 2,ARB 3,UFA,,,,,,,,,,
X,,X,,,,12/30,,,,,,,,,,,,SS,CJ Abrams,WSH,ARB 1,ARB 2,ARB 3,UFA,,,,,,,,,
,,,,,,,,,,,,,,,,,,,,,,,,,,,,,,,,,
X,,X,,,,12/30,,,,,,,,,,,,3B,Josh Rojas,SEA,ARB 4,UFA,,,,,,,,,,,
X,,X,,,,12/30,,,,,,,,,,,,3B,Isaac Paredes,HOU,ARB 3,ARB 4,UFA,,,,,,,,,,
X,,X,,,,12/30,25,,,,,,,,,,,3B,Andre Lipcius,LAD,ARB1,ARB2,ARB3,UFA,,,,,,,,,
X,,X,,,,12/30,,,,,,,,,,,,3B,Curtis Mead,TB,"760,000",ARB1,ARB2,ARB3,UFA,,,,,,,,
,,,,,,,,,,,,,,,,,,,,,,,,,,,,,,,,,
X,,X,,,,12/30,,,,,,,,,,,,OF,Alex Call,WSH,ARB 1,,,,,,,,,,,,
X,,X,,,,12/30,,,,,,,,,,,,OF,Heliot Ramos,SF,"760,000",ARB1,ARB2,ARB3,UFA,,,,,,,,
X,,X,,,,12/30,25,,,,,,,,,,,OF,Yanquiel Fernandez,COL,"760,000",ARB1,ARB2,ARB3,UFA,,,,,,,,
X,,X,,,,12/30,,,,,,,,,,,,OF,Riley Greene,DET,ARB 1,ARB 2,ARB 3,UFA,,,,,,,,,
X,,X,,,,12/30,,,,,,,,,,,,OF,Johan Rojas,PHI,"760,000",ARB1,ARB2,ARB3,UFA,,,,,,,,
,,,,,,,,,,,,,,,,,,,,,,,,,,,,,,,,,
P I T C H E R S,,,,,,,,,,,,,,,,,,,,,,,,,,,,,,,,,
MLB,MiLB,40,IL,IL Length,IL Date,IL Return,Option Years Used,,,,Options Used,,,,,Optioned/DFA Date,Recall Eligible Date,POS,Name,Team,2026,2027,2028,2029,2030,2031,2032,2033,2034,2035,2036,2037,2038
,,,,,,,,,,,,,,,,,,,,,,,,,,,,,,,,,
X,,X,,,,12/30,,,,,,,,,,,,SP,Garrett Crochet,CHW,"28,333,333","28,333,333","28,333,333","28,333,333","28,333,333","28,333,333","28,333,333",UFA,,,,,
X,,X,,,,12/30,,,,,,,,,,,,SP,River Ryan,LAD,"760,000",ARB1,ARB2,ARB3,UFA,,,,,,,,
X,,X,,,,12/30,,,,,,,,,,,,SP,Ryan Pepiot,LAD,ARB1,ARB2,ARB3,UFA,,,,,,,,,
X,,X,,,,12/30,25,,,,,,,,,,,SP,Nick Frasso,LAD,"760,000",ARB1,ARB2,ARB3,UFA,,,,,,,,
,,,,,,,,,,,,,,,,,,,,,,,,,,,,,,,,,
X,,X,,,,12/30,D,F,A,,-,O,N,L,Y,,,RP,Edwin Uceta,TBR,"7,000,000","7,000,000","7,000,000","7,000,000",UFA,,,,,,,,
X,,X,,,,12/30,,,,,,,,,,,,RP,Evan Phillips,LAD,ARB 4,UFA,,,,,,,,,,,
X,,X,,,,12/30,,,,,,,,,,,,RP,Braydon Fisher,TOR,"760,000",TC,ARB 1,ARB 2,ARB 3,UFA,,,,,,,
X,,X,,,,12/30,,,,,,,,,,,,RP,J.B. Bukauskas,MIL,ARB 1,ARB 2,ARB 3,UFA,,,,,,,,,
,,,,,,,,,,,,,,,,,,,,,,,,,,,,,,,,,
M I N O R S,,,,,,,,,,,,,,,,,,,,,,,,,,,,,,,,,
MLB,MiLB,40,IL,IL Length,IL Date,IL Return,Option Years Used,,,,Options Used,,,,,,,POS,Name,Team,2026,2027,2028,2029,2030,2031,2032,2033,2034,2035,2036,2037,2038
,X,,,,,,,,,,,,,,,,,C,Yeiner Fernandez,LAD,,,,,,,,,,,,,
,X,,,,,,,,,,,,,,,,,C,Nick Montgomery,ATL,,,,,,,,,,,,,
,X,,,,,,,,,,,,,,,,,C,Josh Caron,SEA,,,,,,,,,,,,,
,X,,,,,,,,,,,,,,,,,C,Ryan Campos,STL,,,,,,,,,,,,,
,X,,,,,,,,,,,,,,,,,C,Jesus Galiz,LAD,,,,,,,,,,,,,
,X,,,,,,,,,,,,,,,,,C,Almen Tolentino,MIA,,,,,,,,,,,,,
,X,,,,,,,,,,,,,,,,,C,Rickardo Perez,PHI,,,,,,,,,,,,,
,,,,,,,,,,,,,,,,,,,,,,,,,,,,,,,,,
,X,,,,,,,,,,,,,,,,,1B,Mason Guerra,ATL,,,,,,,,,,,,,
,X,,,,,,,,,,,,,,,,,1B,Griffin Doersching,SD,,,,,,,,,,,,,
,,,,,,,,,,,,,,,,,,,,,,,,,,,,,,,,,
,X,,,,,,,,,,,,,,,,,2B,Livan Soto,BAL,,,,,,,,,,,,,
,X,,,,,,,,,,,,,,,,,2B,Dauri Fernandez,CLE,,,,,,,,,,,,,
,,,,,,,,,,,,,,,,,,,,,,,,,,,,,,,,,
,X,,,,,,,,,,,,,,,,,3B,Kaelen Culpepper,MIN,,,,,,,,,,,,,
,X,,,,,,,,,,,,,,,,,3B,Jake Gelof,LAD,,,,,,,,,,,,,
,,,,,,,,,,,,,,,,,,,,,,,,,,,,,,,,,
,X,,,,,,,,,,,,,,,,,SS,Carlos Colmenarez,TB,,,,,,,,,,,,,
,X,,,,,,,,,,,,,,,,,SS,Fernando Cruz,CHC,,,,,,,,,,,,,
,X,,,,,,,,,,,,,,,,,SS,Mairoshendrick Martinus,LAD,,,,,,,,,,,,,
,X,,,,,,,,,,,,,,,,,SS,Sean McLain,LAD,,,,,,,,,,,,,
,X,,,,,,,,,,,,,,,,,SS,Marconi German,WSH,,,,,,,,,,,,,
,X,,,,,,,,,,,,,,,,,SS,Daniel Dickinson,MIL,,,,,,,,,,,,,
,X,,,,,,,,,,,,,,,,,SS,Noah Miller,LAD,,,,,,,,,,,,,
,X,,,,,,,,,,,,,,,,,SS,Sam Mongelli,LAD,,,,,,,,,,,,,
,X,,,,,,,,,,,,,,,,,SS,Haritzon Castillo,MIN,,,,,,,,,,,,,
,X,,,,,,,,,,,,,,,,,SS,Logan Wagner,LAD,,,,,,,,,,,,,
,,,,,,,,,,,,,,,,,,,,,,,,,,,,,,,,,
,X,,,,,,,,,,,,,,,,,OF,Nick Biddison,LAD,,,,,,,,,,,,,
,X,,,,,,,,,,,,,,,,,OF,Hunter Bishop,SF,,,,,,,,,,,,,
,X,,,,,,,,,,,,,,,,,OF,Josue De Paula,LAD,,,,,,,,,,,,,
,X,,,,,,,,,,,,,,,,,OF,Kai Roberts,SD,,,,,,,,,,,,,
,X,,,,,,,,,,,,,,,,,OF,Nathan Church,STL,,,,,,,,,,,,,
,X,,,,,,,,,,,,,,,,,OF,Rodney Green,ATH,,,,,,,,,,,,,
,X,,,,,,,,,,,,,,,,,OF,Jaime Ferrer,MIN,,,,,,,,,,,,,
,X,,,,,,,,,,,,,,,,,OF,Brailer Guerrero,TB,,,,,,,,,,,,,
,X,,,,,,,,,,,,,,,,,OF,Matthew Miura,STL,,,,,,,,,,,,,
,X,,,,,,,,,,,,,,,,,OF,Pedro Ibarguen,MIL,,,,,,,,,,,,,
,X,,,,,,,,,,,,,,,,,OF,Anderson Fermin,BOS,,,,,,,,,,,,,
,X,,,,,,,,,,,,,,,,,OF,Chris Newell,LAD,,,,,,,,,,,,,
,X,,,,,,,,,,,,,,,,,OF,Luis Pino,STL,,,,,,,,,,,,,
,X,,,,,,,,,,,,,,,,,OF,Cris Rodriguez,DET,,,,,,,,,,,,,
,,,,,,,,,,,,,,,,,,,,,,,,,,,,,,,,,
,X,,,,,,,,,,,,,,,,,SP,Heisell Baro,LAD,,,,,,,,,,,,,
,X,,,,,,,,,,,,,,,,,SP,Justin Chambers,LAD,,,,,,,,,,,,,
,X,,,,,,,,,,,,,,,,,SP,Davis Polo,ATL,,,,,,,,,,,,,
,X,,,,,,,,,,,,,,,,,SP,Elison Joseph,ATL,,,,,,,,,,,,,
,X,,,,,,,,,,,,,,,,,SP,Herick Hernandez,ATL,,,,,,,,,,,,,
,X,,,,,,,,,,,,,,,,,SP,Gage Ziehl,NYY,,,,,,,,,,,,,
,X,,,,,,,,,,,,,,,,,SP,Brian Holiday,STL,,,,,,,,,,,,,
,X,,,,,,,,,,,,,,,,,SP,Lucas Elissalt,DET,,,,,,,,,,,,,
,X,,,,,,,,,,,,,,,,,SP,Joshua Flores,MIL,,,,,,,,,,,,,
,X,,,,,,,,,,,,,,,,,SP,Landon Harmon,WAS,,,,,,,,,,,,,
,X,,,,,,,,,,,,,,,,,SP,Ryan Forcucci,HOU,,,,,,,,,,,,,
,X,,,,,,,,,,,,,,,,,SP,Carlos Castillo,PIT,,,,,,,,,,,,,
,X,,,,,,,,,,,,,,,,,SP,Rayven Antonio,ATL,,,,,,,,,,,,,
,X,,,,,,,,,,,,,,,,,SP,Jamie Arnold,ATH,,,,,,,,,,,,,
,X,,,,,,,,,,,,,,,,,SP,Jose Chirinos,NYM,,,,,,,,,,,,,
,X,,,,,,,,,,,,,,,,,SP,Eddy Felix,DET,,,,,,,,,,,,,
,X,,,,,,,,,,,,,,,,,SP,Josh Trentadue,TEX,,,,,,,,,,,,,
,X,,,,,,,,,,,,,,,,,SP,Reinold Navarro,PIT,,,,,,,,,,,,,
,X,,,,,,,,,,,,,,,,,SP,Bryan Balzer,SD,,,,,,,,,,,,,
,X,,,,,,,,,,,,,,,,,SP,Nolan McLean,NYM,,,,,,,,,,,,,
,X,,,,,,,,,,,,,,,,,SP,Cade Crossland,STL,,,,,,,,,,,,,
,X,,,,,,,,,,,,,,,,,SP,Jared Karros,LAD,,,,,,,,,,,,,
,X,,,,,,,,,,,,,,,,,SP,Ronan Kopp,LAD,,,,,,,,,,,,,
,X,,,,,,,,,,,,,,,,,SP,Yu-Min Lin,ARI,,,,,,,,,,,,,
,X,,,,,,,,,,,,,,,,,SP,Robinson Ortiz,LAD,,,,,,,,,,,,,
,X,,,,,,,,,,,,,,,,,SP,Braxton Bragg,BAL,,,,,,,,,,,,,
,X,,,,,,,,,,,,,,,,,SP,Brady Smith,LAD,,,,,,,,,,,,,
,X,,,,,,,,,,,,,,,,,RP,Wyatt Crowell,LAD,,,,,,,,,,,,,
,,,,,,,,,,,,,,,,,,,,,,,,,,,,,,,,,
,X,,,,,,,,,,,,,,,,,RP,Peter Heubeck,LAD,,,,,,,,,,,,,
,X,,,,,,,,,,,,,,,,,RP,Francis Pena,SD,,,,,,,,,,,,,
,X,,,,,,,,,,,,,,,,,RP,Alexander Alberto,TB,,,,,,,,,,,,,
,X,,,,,,,,,,,,,,,,,RP,Rolddy Munoz,ATL,,,,,,,,,,,,,
,X,,,,,,,,,,,,,,,,,RP,Jostin Florentino,CHC,,,,,,,,,,,,,
,X,,,,,,,,,,,,,,,,,RP,Natanael Garabitos,KC,,,,,,,,,,,,,
,X,,,,,,,,,,,,,,,,,RP,Sauryn Lao,LAD,,,,,,,,,,,,,
,,,,,,,,,,,,,,,,,,,,,,,,,,,,,,,,,
D E A D   M O N E Y,,,,,,,,,,,,,,,,,,,,,,,,,,,,,,,,,
,,,Traded,,,Released,,,Rule 5 Fee,,,Retirement,,,Option Buyout,,,POS,Name,Team,2026,2027,2028,2029,2030,2031,2032,2033,2034,2035,2036,2037,2038
,,,To RR,,,,,,,,,,,,,,,RP,Cionel Perez,BAL,"400,000",,,,,,,,,,,,