Round Rock Express,,,,,,,,,,,,,,,,,,,,,,,,,,,,,,,,,
,,,,,,,,,,,,,,,,,,,,,,,,,,,,,,,,,
,,,,Owner,,,Chris,,,,MLB,,,31,,Tax Bill Paid,No,,League Year,,2026,2027,2028,2029,2030,2031,2032,2033,2034,2035,2036,2037,2038
,,,,Joined,,,2024,,,,40 Man,,,31,,Years Paid,,,Payroll,,"164,693,333","166,783,333","166,783,333","119,783,333","68,450,000","63,450,000",0,0,0,0,0,0,0
,,,,Franchise Record,,,74-41,,,,Minors,,,100,,Status,,,Dead Money,,"17,700,000",0,0,0,0,0,0,0,0,0,0,0,0
,,,,Playoff Appearances,,,1,,,,Rotation,,,2,,Future Status,,,Total Payroll,,"182,393,333","166,783,333","166,783,333","119,783,333","68,450,000","63,450,000",0,0,0,0,0,0,0
,,,,NL Central Titles,,,0,,,,Injured List,,,0,,Extensions,1,,Luxury Tax Space,,"58,606,667","77,216,667","77,216,667","124,216,667","175,550,000","180,550,000","244,000,000","244,000,000","244,000,000","244,000,000","244,000,000","244,000,000","244,000,000"
,,,,NL Pennants,,,0,,,,60 Day IL,,,0,,Restructure,1,,Payroll % Active,,90.30%,100.00%,100.00%,100.00%,100.00%,100.00%,,,,,,,
,,,,World Series Championships,,,0,,,,,,,,,,,,Payroll % Inactive,,9.70%,0.00%,0.00%,0.00%,0.00%,0.00%,,,,,,,
MLB,MiLB,40,IL,IL Length,IL Date,IL Return,Option Years Used,,,,Options Used,,,,,Optioned/DFA Date,Recall Eligible Date,POS,Name,Team,2026,2027,2028,2029,2030,2031,2032,2033,2034,2035,2036,2037,2038
P O S I T I O N   P L A Y E R S,,,,,,,,,,,,,,,,,,,,,,,,,,,,,,,,,
,,,,,,,,,,,,,,,,,,,,,,,,,,,,,,,,,
X,,X,,,,12/30,24,25,,,,,,,,,,C,Rafael Marchan,PHI,"760,000",ARB1,ARB2,ARB3,UFA,,,,,,,,
X,,X,,,,12/30,,,,,,,,,,,,C,Carlos Narvaez,BOS,"760,000",TC,ARB1,ARB2,ARB3,UFA,,,,,,,
,,,,,,,,,,,,,,,,,,,,,,,,,,,,,,,,,
X,,X,,,,12/30,,,,,,,,,,,,1B,Vladimir Guerrero Jr.,TOR,"32,750,000","42,750,000","42,750,000","42,750,000","42,750,000","42,750,000",UFA,,,,,,
X,,X,,,,12/30,,,,,,,,,,,,1B,Nate Lowe,WSH,ARB 4,UFA,,,,,,,,,,,
,,,,,,,,,,,,,,,,,,,,,,,,,,,,,,,,,
X,,X,,,,12/30,25,,,,,,,,,,,2B,Will Wagner,TOR,"760,000",TC,ARB 1,ARB 2,ARB 3,UFA,,,,,,,
X,,X,,,,12/30,25,,,,,,,,,,,2B,Zack Gelof,OAK,"760,000",ARB 1,ARB 2,ARB 3,UFA,,,,,,,,
X,,X,,,,12/30,24,,,,,,,,,,,2B,Otto Lopez,TOR,"760,000",ARB1,ARB2,ARB3,UFA,,,,,,,,
,,,,,,,,,,,,,,,,,,,,,,,,,,,,,,,,,
X,,X,,,,12/30,D,F,A,,-,O,N,L,Y,,,3B,Alex Bregman,HOU,"30,000,000","30,000,000","30,000,000","30,000,000",UFA,,,,,,,,
,,,,,,,,,,,,,,,,,,,,,,,,,,,,,,,,,
X,,X,,,,12/30,,,,,,,,,,,,SS,Jeremy Pena,HOU,ARB2,ARB3,UFA,,,,,,``,,,,
X,,X,,,,12/30,,,,,,,,,,,,SS,Brooks Lee,MIN,"760,000",TC,ARB 1,ARB 2,ARB 3,UFA,,,,,,,
X,,X,,,,12/30,25,,,,,,,,,,,SS,Christian Koss,SF,"760,000",TC,ARB 1,ARB 2,ARB 3,UFA,,,,,,,
,,,,,,,,,,,,,,,,,,,,,,,,,,,,,,,,,
X,,X,,,,12/30,,,,,,,,,,,,OF,Zach Mckinstry,DET,ARB 2,ARB 3,UFA,,,,,,,,,,
X,,X,,,,12/30,,,,,,,,,,,,OF,Wyler Abreu,BOS,"760,000",ARB 1,ARB 2,ARB 3,UFA,,,,,,,,
X,,X,,,,12/30,,,,,,,,,,,,OF,Addison Barger,TOR,"760,000",ARB1,ARB2,ARB3,UFA,,,,,,,,
P I T C H E R S,,,,,,,,,,,,,,,,,,,,,,,,,,,,,,,,,
MLB,MiLB,40,IL,IL Length,IL Date,IL Return,Option Years Used,,,,Options Used,,,,,Optioned/DFA Date,Recall Eligible Date,POS,Name,Team,2026,2027,2028,2029,2030,2031,2032,2033,2034,2035,2036,2037,2038
,,,,,,,,,,,,,,,,,,,,,,,,,,,,,,,,,
X,,X,,,,12/30,D,F,A,,-,O,N,L,Y,,,SP,Jacob deGrom,TEX,"37,000,000","37,000,000","37,000,000",UFA,,,,,,,,,
X,,X,,,,12/30,25,,,,,,,,,,,SP,Zac Gallen,ARI,"20,700,000","20,700,000","20,700,000","20,700,000","20,700,000","20,700,000",,,,,,,
X,,X,,,,12/30,D,F,A,,-,O,N,L,Y,,,SP,Hunter Greene,CIN,"8,833,333","8,833,333","8,833,333","8,833,333",UFA,,,,,,,,
X,,X,,,,12/30,D,F,A,,-,O,N,L,Y,,,SP,Spencer Strider,ATL,"6,250,000","12,500,000","12,500,000","12,500,000",UFA,,,,,,,,
X,,X,,,,12/30,,,,,,,,,,,,SP,Cade Cavalli,WSH,ARB 1,ARB 2,ARB 3,ARB 4,UFA,,,,,,,,
X,,X,,,,12/30,25,,,,,,,,,,,SP,Kumar Rocker,TEX,"760,000",TC,ARB 1,ARB 2,ARB 3,UFA,,,,,,,
X,,X,,,,12/30,D,F,A,,-,O,N,L,Y,,,SP,Davis Martin,CHW,"5,000,000","5,000,000","5,000,000","5,000,000","5,000,000",UFA,,,,,,,
,,,,,,,,,,,,,,,,,,,,,,,,,,,,,,,,,
X,,X,,,,12/30,D,F,A,,-,O,N,L,Y,,,RP,Emmanuel Clase,CLE,"4,000,000","10,000,000","10,000,000",UFA,,,,,,,,,
X,,X,,,,12/30,,,,,,,,,,,,RP,A.J. Puk,ARI,ARB 3,UFA,,,,,,,,,,,
X,,X,,,,12/30,24,25,,,,,,,,,,RP,Sean Reynolds,SD,"760,000",ARB1,ARB2,ARB3,UFA,,,,,,,,
X,,X,,,,12/30,,,,,,,,,,,,RP,Jack Dreyer,LAD,"760,000",TC,ARB1,ARB2,ARB3,UFA,,,,,,,
X,,X,,,,12/30,,,,,,,,,,,,RP,Mason Englert,TB,"760,000",TC,ARB1,ARB2,ARB3,UFA,,,,,,,
X,,X,,,,12/30,,,,,,,,,,,,RP,Mason Miller,OAK,ARB 1,ARB 2,ARB 3,Arb 4,UFA,,,,,,,,
X,,X,,,,12/30,D,F,A,,-,O,N,L,Y,,,RP,AJ Minter,NYM,"8,000,000",UFA,,,,,,,,,,,
X,,X,,,,12/30,,,,,,,,,,,,RP,Jose Ferrer,WSH,"760,000",TC,ARB1,ARB2,ARB3,UFA,,,,,,,
X,,X,,,,12/30,25,,,,,,,,,,,SP,Chase Lee,DET,"760,000",TC,ARB1,ARB2,ARB3,UFA,,,,,,,
X,,X,,,,12/30,24,25,,,,,,,,,,RP,Mitch Spence,OAK,"760,000",ARB1,ARB2,ARB3,UFA,,,,,,,,
,,,,,,,,,,,,,,,,,,,,,,,,,,,,,,,,,
MLB,MiLB,40,IL,IL Length,IL Date,IL Return,Option Years Used,,,,Options Used,,,,,,,POS,Name,Team,2026,2027,2028,2029,2030,2031,2032,2033,2034,2035,2036,2037,2038
,X,,,,,,,,,,,,,,,,,C,Darrien Miller,MIL,,,,,,,,,,,,,
,X,,,,,,,,,,,,,,,,,C,Andrick Nava,PHI,,,,,,,,,,,,,
,X,,,,,,,,,,,,,,,,,C,Braxton Fulford,COL,,,,,,,,,,,,,
,X,,,,,,,,,,,,,,,,,C,Jesus Lopez,TEX,,,,,,,,,,,,,
,X,,,,,,,,,,,,,,,,,C,Miguel Palma,HOU,,,,,,,,,,,,,
,X,,,,,,,,,,,,,,,,,C,Johanfran Garcia,BOS,,,,,,,,,,,,,
,X,,,,,,,,,,,,,,,,,C,Yovanny Rodriguez,NYM,,,,,,,,,,,,,
,X,,,,,,,,,,,,,,,,,C,Matt Wood,MIL,,,,,,,,,,,,,
,,,,,,,,,,,,,,,,,,,,,,,,,,,,,,,,,
,X,,,,,,,,,,,,,,,,,1B,Blaine Crim,TEX,,,,,,,,,,,,,
,X,,,,,,,,,,,,,,,,,1B,Pablo Guerrero,TEX,,,,,,,,,,,,,
,X,,,,,,,,,,,,,,,,,1B,David Ortiz,TEX,,,,,,,,,,,,,
,X,,,,,,,,,,,,,,,,,1B,Tanner Thach,COL,,,,,,,,,,,,,
,X,,,,,,,,,,,,,,,,,1B,Brock Vradenburg,MIA,,,,,,,,,,,,,
,,,,,,,,,,,,,,,,,,,,,,,,,,,,,,,,,
,X,,,,,,,,,,,,,,,,,2B,Euribiel Angeles,OAK,,,,,,,,,,,,,
,X,,,,,,,,,,,,,,,,,2B,Peyton Stovall,CIN,,,,,,,,,,,,,
,X,,,,,,,,,,,,,,,,,2B,Nikau Pouaka-Grego,PHI,,,,,,,,,,,,,
,X,,,,,,,,,,,,,,,,,2B,Rikuu Nishida,CHW,,,,,,,,,,,,,
,,,,,,,,,,,,,,,,,,,,,,,,,,,,,,,,,
,X,,,,,,,,,,,,,,,,,3B,Alex Binelas,BOS,,,,,,,,,,,,,
,X,,,,,,,,,,,,,,,,,3B,Esteban Mejia,TEX,,,,,,,,,,,,,
,X,,,,,,,,,,,,,,,,,3B,Luis Arana,MIA,,,,,,,,,,,,,
,X,,,,,,,,,,,,,,,,,3B,Myles Naylor,OAK,,,,,,,,,,,,,
,,,,,,,,,,,,,,,,,,,,,,,,,,,,,,,,,
,X,,,,,,,,,,,,,,,,,SS,Starlin Aguilar,SEA,,,,,,,,,,,,,
,X,,,,,,,,,,,,,,,,,SS,Cal Conley,ATL,,,,,,,,,,,,,
,X,,,,,,,,,,,,,,,,,SS,E.J. Exposito,ATL,,,,,,,,,,,,,
,X,,,,,,,,,,,,,,,,,SS,Domingo Batista,TB,,,,,,,,,,,,,
,X,,,,,,,,,,,,,,,,,SS,K.C. Hunt,MIL,,,,,,,,,,,,,
,X,,,,,,,,,,,,,,,,,SS,Jose Riera,CLE,,,,,,,,,,,,,
,X,,,,,,,,,,,,,,,,,SS,Core Jackson,NYY,,,,,,,,,,,,,
,X,,,,,,,,,,,,,,,,,SS,Luis Almeyda,BAL,,,,,,,,,,,,,
,X,,,,,,,,,,,,,,,,,SS,Manuel Pena,ARZ,,,,,,,,,,,,,
,X,,,,,,,,,,,,,,,,,SS,Woody Hadeen,DET,,,,,,,,,,,,,
,X,,,,,,,,,,,,,,,,,SS,Logan Davidson,OAK,,,,,,,,,,,,,
,X,,,,,,,,,,,,,,,,,SS,Juan Mateo,ATL,,,,,,,,,,,,,
,X,,,,,,,,,,,,,,,,,SS,Jorel Ortega,MIN,,,,,,,,,,,,,
,X,,,,,,,,,,,,,,,,,SS,Geraldo Quintero,ATL,,,,,,,,,,,,,
,X,,,,,,,,,,,,,,,,,SS,German Ramirez,HOU,,,,,,,,,,,,,
,X,,,,,,,,,,,,,,,,,SS,Axel Sanchez,SEA,,,,,,,,,,,,,
,,,,,,,,,,,,,,,,,,,,,,,,,,,,,,,,,
,X,,,,,,,,,,,,,,,,,OF,Roni Cabrera,KC,,,,,,,,,,,,,
,X,,,,,,,,,,,,,,,,,OF,Harold Rivas,BOS,,,,,,,,,,,,,
,X,,,,,,,,,,,,,,,,,OF,Jose Castro,MIA,,,,,,,,,,,,,
,X,,,,,,,,,,,,,,,,,OF,George Feliz,SEA,,,,,,,,,,,,,
,X,,,,,,,,,,,,,,,,,OF,Cade Marlowe,SEA,,,,,,,,,,,,,
,X,,,,,,,,,,,,,,,,,OF,Tyler Gentry,KC,,,,,,,,,,,,,
,X,,,,,,,,,,,,,,,,,OF,Michael Martinez,ATL,,,,,,,,,,,,,
,X,,,,,,,,,,,,,,,,,OF,Landyn Vidourek,LAD,,,,,,,,,,,,,
,X,,,,,,,,,,,,,,,,,OF,Victor Hurtado,WSH,,,,,,,,,,,,,
,X,,,,,,,,,,,,,,,,,OF,Juneiker Caceres,CLE,,,,,,,,,,,,,
,X,,,,,,,,,,,,,,,,,OF,Josh Mears,SD,,,,,,,,,,,,,
,X,,,,,,,,,,,,,,,,,OF,James Quinn-Irons,TB,,,,,,,,,,,,,
,X,,,,,,,,,,,,,,,,,OF,Kristian Robinson,ARI,,,,,,,,,,,,,
,X,,,,,,,,,,,,,,,,,OF,Abraham Nunez,CHW,,,,,,,,,,,,,
,X,,,,,,,,,,,,,,,,,OF,Carlos Rodríguez,ATL,,,,,,,,,,,,,
,X,,,,,,,,,,,,,,,,,OF,Connor Hujsak,TB,,,,,,,,,,,,,
,X,,,,,,,,,,,,,,,,,OF,Anthony Gutierrez,TEX,,,,,,,,,,,,,
,X,,,,,,,,,,,,,,,,,OF,Elorky Rodriguez,TEX,,,,,,,,,,,,,
,X,,,,,,,,,,,,,,,,,OF,Eli Serrano,NYM,,,,,,,,,,,,,
,X,,,,,,,,,,,,,,,,,OF,Tyler Whitaker,HOU,,,,,,,,,,,,,
,X,,,,,,,,,,,,,,,,,OF,Trevor Hauver,TEX,,,,,,,,,,,,,
,X,,,,,,,,,,,,,,,,,OF,Marcos Torres,TEX,,,,,,,,,,,,,
,X,,,,,,,,,,,,,,,,,OF,Carter Frederick,KC,,,,,,,,,,,,,
,X,,,,,,,,,,,,,,,,,OF,Joaquin Arias Jr.,TEX,,,,,,,,,,,,,
,X,,,,,,,,,,,,,,,,,OF,Deward Tovar,TEX,,,,,,,,,,,,,
,X,,,,,,,,,,,,,,,,,OF,Brock Jones,TB,,,,,,,,,,,,,
,X,,,,,,,,,,,,,,,,,OF,Carson McCusker,MIN,,,,,,,,,,,,,
,X,,,,,,,,,,,,,,,,,OF,Alex Rodriguez,TEX,,,,,,,,,,,,,
,,,,,,,,,,,,,,,,,,,,,,,,,,,,,,,,,
,X,,,,,,,,,,,,,,,,,SP,Marc Church,TEX,,,,,,,,,,,,,
,X,,,,,,,,,,,,,,,,,SP,Luichi Casilla,COL,,,,,,,,,,,,,
,X,,,,,,,,,,,,,,,,,SP,Anthony Hoopii-Tuionetoa,CHW,,,,,,,,,,,,,
,X,,,,,,,,,,,,,,,,,SP,Miqueas Mercedes,MIL,,,,,,,,,,,,,
,X,,,,,,,,,,,,,,,,,SP,Chandler Murphy,TB,,,,,,,,,,,,,
,X,,,,,,,,,,,,,,,,,SP,Braden Davis,STL,,,,,,,,,,,,,
,X,,,,,,,,,,,,,,,,,SP,Cayman Goode,ATL,,,,,,,,,,,,,
,X,,,,,,,,,,,,,,,,,SP,Zach Fruit,BAL,,,,,,,,,,,,,
,X,,,,,,,,,,,,,,,,,SP,Alejandro Hidalgo,MIN,,,,,,,,,,,,,
,X,,,,,,,,,,,,,,,,,SP,Jaron DeBerry,MIL,,,,,,,,,,,,,
,X,,,,,,,,,,,,,,,,,SP,Ben Peoples,TB,,,,,,,,,,,,,
,X,,,,,,,,,,,,,,,,,SP,Samuel Sanchez,LAD,,,,,,,,,,,,,
,X,,,,,,,,,,,,,,,,,SP,Eliazar Dishmey,MIA,,,,,,,,,,,,,
,X,,,,,,,,,,,,,,,,,SP,Jagger Haynes,SD,,,,,,,,,,,,,
,X,,,,,,,,,,,,,,,,,SP,Matt Allan,NYM,,,,,,,,,,,,,
,X,,,,,,,,,,,,,,,,,SP,Paul Gervase,TB,,,,,,,,,,,,,
,X,,,,,,,,,,,,,,,,,SP,Jake Miller,DET,,,,,,,,,,,,,
,X,,,,,,,,,,,,,,,,,SP,Inohan Paniagua,STL,,,,,,,,,,,,,
,X,,,,,,,,,,,,,,,,,SP,Carlos De La Rosa,NYY,,,,,,,,,,,,,
,X,,,,,,,,,,,,,,,,,SP,Pedro Montero,MIA,,,,,,,,,,,,,
,X,,,,,,,,,,,,,,,,,SP,Andrew Sears,DET,,,,,,,,,,,,,
,X,,,,,,,,,,,,,,,,,SP,Jared Simpson,WSH,,,,,,,,,,,,,
,X,,,,,,,,,,,,,,,,,SP,Noah Song,BOS,,,,,,,,,,,,,
,X,,,,,,,,,,,,,,,,,SP,Cedric De Grandpre,ATL,,,,,,,,,,,,,
,X,,,,,,,,,,,,,,,,,SP,Chen Zhong-Ao Zhuang,OAK,,,,,,,,,,,,,
,X,,,,,,,,,,,,,,,,,SP,Blake Wehunt,BOS,,,,,,,,,,,,,
,X,,,,,,,,,,,,,,,,,SP,Jordan Woods,KC,,,,,,,,,,,,,
,X,,,,,,,,,,,,,,,,,SP,Kim-Sung Joon,TEX,,,,,,,,,,,,,
,,,,,,,,,,,,,,,,,,,,,,,,,,,,,,,,,
,X,,,,,,,,,,,,,,,,,RP,Luis Curvelo,TEX,,,,,,,,,,,,,
,X,,,,,,,,,,,,,,,,,RP,Christian Roa,CIN,,,,,,,,,,,,,
,X,,,,,,,,,,,,,,,,,RP,Riley Cornelio,WSH,,,,,,,,,,,,,
,X,,,,,,,,,,,,,,,,,RP,Alan Rangel,PHI,,,,,,,,,,,,,
,X,,,,,,,,,,,,,,,,,RP,Jose Fermin,LAA,,,,,,,,,,,,,
,X,,,,,,,,,,,,,,,,,RP,Matt McShane,BOS,,,,,,,,,,,,,
,X,,,,,,,,,,,,,,,,,RP,Ryan Zeferjahn,LAA,,,,,,,,,,,,,
,,,,,,,,,,,,,,,,,,,,,,,,,,,,,,,,,
D E A D   M O N E Y,,,,,,,,,,,,,,,,,,,,,,,,,,,,,,,,,
,,,Traded,,,Released,,,Rule 5 Fee,,,Retirement,,,Option Buyout,,,POS,Name,Team,2026,2027,2028,2029,2030,2031,2032,2033,2034,2035,2036,2037,2038
,,,to WOR,,,,,,,,,,,,,,,SP,Robbie Ray,SFG,"15,000,000",,,,,,,,,,,,
,,,,,,to FA,,,,,,,,,,,,SP,Clay Holmes,NYY,"2,700,000",,,,,,,,,,,,